Date,Real,Prediccion_Prophet
2015-01-24,5811369,6001543.2345406
2015-01-25,179028,92172.81560767893
2015-01-26,9401803,9413019.264264056
2015-01-27,8392342,8282638.151479084
2015-01-28,7930037,7927264.593899998
2015-01-29,8024066,7982435.328465023
2015-01-30,9454954,8339733.9013483515
2015-01-31,7354597,6105148.9048178885
2015-02-01,225556,180088.41498314223
2015-02-02,10291172,9795523.718768347
2015-02-03,8904680,8635973.00736985
2015-02-04,8136074,8244212.116427237
2015-02-05,7973916,8278435.440446373
2015-02-06,8439787,8616766.217582589
2015-02-07,6594669,6020405.6253301045
2015-02-08,208209,67813.37850036255
2015-02-09,6477197,7340506.463462488
2015-02-10,6345089,6170872.870981467
2015-02-11,6393495,5779460.257470472
2015-02-12,6151076,5796215.2135806205
2015-02-13,7212357,6134949.6165710185
2015-02-14,6701361,5875398.741438026
2015-02-15,217257,0.0
2015-02-16,9321996,9312323.041977827
2015-02-17,8299474,8356014.228621265
2015-02-18,8058390,7986264.950289619
2015-02-19,8031173,8032705.813867947
2015-02-20,8094451,8380153.663981742
2015-02-21,6290922,5810008.719950974
2015-02-22,199419,0.0
2015-02-23,5984980,6836768.057368649
2015-02-24,6021986,5696869.667089061
2015-02-25,6028364,5333987.323056622
2015-02-26,6471718,5385165.030784427
2015-02-27,7778945,5742292.921916394
2015-02-28,7421745,5847969.126456877
2015-03-01,228942,0.0
2015-03-02,10933146,9547449.472078903
2015-03-03,9234921,8410369.210425077
2015-03-04,8421680,8047919.018119132
2015-03-05,8263354,8097765.758616498
2015-03-06,8504508,8452195.76304387
2015-03-07,6565020,5892400.93621214
2015-03-08,201341,26520.531804077353
2015-03-09,6765029,7259995.487018161
2015-03-10,6211021,6121472.122167965
2015-03-11,6272025,5750151.056753063
2015-03-12,6376255,5798548.436300434
2015-03-13,6942094,6152148.014226336
2015-03-14,6625997,5922788.534539135
2015-03-15,244505,135558.29220631628
2015-03-16,10877344,9273016.427113269
2015-03-17,8792886,8139204.672716713
2015-03-18,7993269,7772874.65972313
2015-03-19,8073881,7833863.087388213
2015-03-20,8291098,8200471.000826059
2015-03-21,6398094,5985434.728972744
2015-03-22,235852,218646.70918790274
2015-03-23,6788834,7036891.350571215
2015-03-24,6226359,5911493.250402709
2015-03-25,6073784,5898144.657054557
2015-03-26,6362734,5964643.218062525
2015-03-27,7078009,6328135.948566318
2015-03-28,6829093,6440628.533517901
2015-03-29,226242,673720.684133025
2015-03-30,12371453,9798539.404071769
2015-03-31,11222913,8671319.021768685
2015-04-01,11102030,8314550.527355505
2015-04-02,11400447,8367263.851855891
2015-04-03,242473,1603801.491973288
2015-04-04,9366558,6511754.390697849
2015-04-05,217211,740010.1919396227
2015-04-06,272921,522518.25640749634
2015-04-07,7896155,6392913.764404006
2015-04-08,6790649,6023784.638630803
2015-04-09,6560475,6042414.754324264
2015-04-10,6669239,6405607.587135998
2015-04-11,6445499,6158151.284295185
2015-04-12,244956,381420.7813647665
2015-04-13,11075002,9803553.935902715
2015-04-14,9166055,8657967.962653697
2015-04-15,8002511,8268552.809857575
2015-04-16,8396675,8318093.2710018605
2015-04-17,8738327,8657429.289782615
2015-04-18,6569186,6102295.626865587
2015-04-19,237342,334199.9715996033
2015-04-20,6588863,7106341.672009314
2015-04-21,6039464,5969095.670859475
2015-04-22,6082195,5603157.907314641
2015-04-23,6153519,5648963.65276446
2015-04-24,6367560,5999601.509381957
2015-04-25,6305451,6102526.1922181845
2015-04-26,234093,353043.5691441321
2015-04-27,10605500,9435525.774370175
2015-04-28,9302980,8304329.241671874
2015-04-29,9517703,7957004.194685595
2015-04-30,11327847,8012798.48795273
2015-05-01,264231,1304358.1644895002
2015-05-02,8764984,6178138.609687357
2015-05-03,249207,446860.9089864359
2015-05-04,10995906,9508601.281977987
2015-05-05,8778928,8379177.3811189905
2015-05-06,8633577,8023381.430548331
2015-05-07,8550616,8082051.373728466
2015-05-08,8665512,8434151.751647795
2015-05-09,7157061,6234547.638849271
2015-05-10,251720,499052.43078687723
2015-05-11,6732629,7583116.514335245
2015-05-12,6686277,6449271.44910017
2015-05-13,8147927,6080395.971797399
2015-05-14,289247,0.0
2015-05-15,8596524,6463096.436992274
2015-05-16,6497847,6214431.012723022
2015-05-17,255680,465180.42691956635
2015-05-18,10603240,9834919.561859254
2015-05-19,8925994,8692061.187344968
2015-05-20,8355497,8315286.783400291
2015-05-21,8228411,8346844.915292941
2015-05-22,8352281,8680631.008174442
2015-05-23,6773815,6135039.587225252
2015-05-24,261385,393300.42737943406
2015-05-25,299473,175671.71567870682
2015-05-26,7776413,6326730.35281727
2015-05-27,6876443,5958920.86795907
2015-05-28,6974793,6000818.65197015
2015-05-29,8372820,6346099.415838474
2015-05-30,7546769,6109545.757753708
2015-05-31,278690,387124.634189683
2015-06-01,11743615,9754480.136847392
2015-06-02,9925193,8633424.934006076
2015-06-03,9731791,8271199.035786234
2015-06-04,3534231,4193448.8694333876
2015-06-05,9724893,8685621.256383706
2015-06-06,6478518,6165946.196339509
2015-06-07,262497,462322.1489877077
2015-06-08,7366781,7190584.20162311
2015-06-09,6865990,6071694.633460427
2015-06-10,6524741,5715081.769868098
2015-06-11,6553081,5763391.373951438
2015-06-12,6606431,6103159.123253388
2015-06-13,6510261,6199722.3702824805
2015-06-14,269533,489488.1864516843
2015-06-15,11570100,9483827.046950337
2015-06-16,9636747,8349369.456926693
2015-06-17,8618478,7975090.011949625
2015-06-18,8191358,8004465.079709224
2015-06-19,8458252,8331638.516281906
2015-06-20,6390661,6122836.5891274335
2015-06-21,249849,400510.8393354252
2015-06-22,6552538,7082851.122656287
2015-06-23,6292372,5934476.292140223
2015-06-24,6257424,5547440.077886514
2015-06-25,6211764,5565946.303914583
2015-06-26,6634687,5891535.096375376
2015-06-27,6538314,5963378.093450898
2015-06-28,262669,237277.90245473135
2015-06-29,11916672,9536807.802604062
2015-06-30,11483932,8392345.70635712
2015-07-01,8989672,8011234.164406953
2015-07-02,8446293,8030853.720087096
2015-07-03,8530388,8359563.130562491
2015-07-04,6054276,5828636.640016607
2015-07-05,269248,137005.4600959599
2015-07-06,7540473,7147629.439818569
2015-07-07,6393024,6020941.95048156
2015-07-08,6915625,5656966.436937796
2015-07-09,6938182,5699963.346241251
2015-07-10,7064909,6043940.080091959
2015-07-11,6262022,5801985.331925985
2015-07-12,277047,128778.97034091414
2015-07-13,10841267,9420563.734521804
2015-07-14,9340405,8302846.394069694
2015-07-15,8756137,7944550.30888397
2015-07-16,8373873,7983207.684116278
2015-07-17,7949337,8326853.766772475
2015-07-18,6448982,5820058.897041405
2015-07-19,298418,148166.03354345987
2015-07-20,7339321,7147309.750003642
2015-07-21,6356482,6022141.832644581
2015-07-22,6110388,5653936.043735459
2015-07-23,6687068,5687976.972359028
2015-07-24,6601325,6018890.843432631
2015-07-25,6021666,6101881.953639292
2015-07-26,285865,423019.5324940806
2015-07-27,10707292,9343018.912966374
2015-07-28,9115073,8207382.089462471
2015-07-29,8499962,7829361.553200907
2015-07-30,8798854,7854989.896651093
2015-07-31,10109742,8179316.919569885
