Date,Sales,Promo,SchoolHoliday,StateHolidayFlag,Open,Promo2,CompetitionDistance
2013-01-01,97235,0.0,1,1,0.01526032315978456,0.5125673249551167,5409.73897389739
2013-01-02,6949829,0.0,1,0,0.9964125560538116,0.5121076233183857,5404.901079136691
2013-01-03,6347820,0.0,1,0,0.9946188340807175,0.5121076233183857,5404.901079136691
2013-01-04,6638954,0.0,1,0,0.9937219730941704,0.5121076233183857,5404.901079136691
2013-01-05,5951593,0.0,1,0,0.9928251121076234,0.5121076233183857,5404.901079136691
2013-01-06,143904,0.0,1,1,0.017040358744394617,0.5121076233183857,5404.901079136691
2013-01-07,10826848,1.0,1,0,0.9919282511210762,0.5121076233183857,5404.901079136691
2013-01-08,8749437,1.0,1,0,0.9910313901345291,0.5121076233183857,5404.901079136691
2013-01-09,7746603,1.0,1,0,0.9910313901345291,0.5121076233183857,5404.901079136691
2013-01-10,7751485,1.0,1,0,0.9910313901345291,0.5121076233183857,5404.901079136691
2013-01-11,8039306,1.0,1,0,0.9910313901345291,0.5121076233183857,5404.901079136691
2013-01-12,6017491,0.0,0,0,0.9910313901345291,0.5121076233183857,5404.901079136691
2013-01-13,144052,0.0,0,0,0.016143497757847534,0.5121076233183857,5404.901079136691
2013-01-14,5886788,0.0,0,0,0.9910313901345291,0.5121076233183857,5404.901079136691
2013-01-15,5512591,0.0,0,0,0.9910313901345291,0.5121076233183857,5404.901079136691
2013-01-16,5293020,0.0,0,0,0.9910313901345291,0.5121076233183857,5404.901079136691
2013-01-17,5386564,0.0,0,0,0.9928251121076234,0.5121076233183857,5404.901079136691
2013-01-18,6137010,0.0,0,0,0.9919282511210762,0.5121076233183857,5404.901079136691
2013-01-19,6010192,0.0,0,0,0.9928251121076234,0.5121076233183857,5404.901079136691
2013-01-20,151600,0.0,0,0,0.017040358744394617,0.5121076233183857,5404.901079136691
2013-01-21,8761074,1.0,0,0,0.9928251121076234,0.5121076233183857,5404.901079136691
2013-01-22,8320289,1.0,0,0,0.9928251121076234,0.5121076233183857,5404.901079136691
2013-01-23,7746563,1.0,0,0,0.9928251121076234,0.5121076233183857,5404.901079136691
2013-01-24,7439836,1.0,0,0,0.9937219730941704,0.5121076233183857,5404.901079136691
2013-01-25,7780789,1.0,0,0,0.9937219730941704,0.5121076233183857,5404.901079136691
2013-01-26,5848770,0.0,0,0,0.9937219730941704,0.5121076233183857,5404.901079136691
2013-01-27,142848,0.0,0,0,0.017937219730941704,0.5121076233183857,5404.901079136691
2013-01-28,5878702,0.0,0,0,0.9928251121076234,0.5121076233183857,5404.901079136691
2013-01-29,5452668,0.0,0,0,0.9928251121076234,0.5121076233183857,5404.901079136691
2013-01-30,5909779,0.0,0,0,0.9937219730941704,0.5121076233183857,5404.901079136691
2013-01-31,7068567,0.0,1,0,0.9937219730941704,0.5121076233183857,5404.901079136691
2013-02-01,7203007,0.0,1,0,0.9946188340807175,0.5121076233183857,5404.901079136691
2013-02-02,6781741,0.0,0,0,0.9946188340807175,0.5121076233183857,5404.901079136691
2013-02-03,171565,0.0,0,0,0.017040358744394617,0.5121076233183857,5404.901079136691
2013-02-04,10333651,1.0,1,0,0.9946188340807175,0.5121076233183857,5404.901079136691
2013-02-05,8841604,1.0,1,0,0.9946188340807175,0.5121076233183857,5404.901079136691
2013-02-06,8094803,1.0,1,0,0.9946188340807175,0.5121076233183857,5404.901079136691
2013-02-07,7430076,1.0,1,0,0.9937219730941704,0.5121076233183857,5404.901079136691
2013-02-08,7968566,1.0,1,0,0.9946188340807175,0.5121076233183857,5404.901079136691
2013-02-09,6161019,0.0,0,0,0.9946188340807175,0.5121076233183857,5404.901079136691
2013-02-10,172564,0.0,0,0,0.016143497757847534,0.5121076233183857,5404.901079136691
2013-02-11,5517060,0.0,1,0,0.9650224215246637,0.5121076233183857,5404.901079136691
2013-02-12,5563503,0.0,1,0,0.9919282511210762,0.5121076233183857,5404.901079136691
2013-02-13,6175147,0.0,1,0,0.9946188340807175,0.5121076233183857,5404.901079136691
2013-02-14,6422292,0.0,1,0,0.9946188340807175,0.5121076233183857,5404.901079136691
2013-02-15,6255053,0.0,1,0,0.9955156950672646,0.5121076233183857,5404.901079136691
2013-02-16,6162142,0.0,0,0,0.9955156950672646,0.5121076233183857,5404.901079136691
2013-02-17,174467,0.0,0,0,0.017040358744394617,0.5121076233183857,5404.901079136691
2013-02-18,10703641,1.0,1,0,0.9964125560538116,0.5121076233183857,5404.901079136691
2013-02-19,7988672,1.0,1,0,0.9964125560538116,0.5121076233183857,5404.901079136691
2013-02-20,7759768,1.0,1,0,0.9964125560538116,0.5121076233183857,5404.901079136691
2013-02-21,7611880,1.0,1,0,0.9964125560538116,0.5121076233183857,5404.901079136691
2013-02-22,7840974,1.0,1,0,0.9973094170403587,0.5121076233183857,5404.901079136691
2013-02-23,5637945,0.0,0,0,0.9973094170403587,0.5121076233183857,5404.901079136691
2013-02-24,159057,0.0,0,0,0.017937219730941704,0.5121076233183857,5404.901079136691
2013-02-25,5615365,0.0,0,0,0.9973094170403587,0.5121076233183857,5404.901079136691
2013-02-26,5671238,0.0,0,0,0.9973094170403587,0.5121076233183857,5404.901079136691
2013-02-27,6008503,0.0,0,0,0.9973094170403587,0.5121076233183857,5404.901079136691
2013-02-28,7108972,0.0,0,0,0.9973094170403587,0.5121076233183857,5404.901079136691
2013-03-01,7244231,0.0,0,0,0.9973094170403587,0.5121076233183857,5404.901079136691
2013-03-02,6779350,0.0,0,0,0.9973094170403587,0.5121076233183857,5404.901079136691
2013-03-03,195229,0.0,0,0,0.01883408071748879,0.5121076233183857,5404.901079136691
2013-03-04,11072682,1.0,1,0,0.9964125560538116,0.5121076233183857,5404.901079136691
2013-03-05,8943536,1.0,1,0,0.9946188340807175,0.5121076233183857,5404.901079136691
2013-03-06,8062941,1.0,1,0,0.9946188340807175,0.5121076233183857,5404.901079136691
2013-03-07,7981811,1.0,1,0,0.9946188340807175,0.5121076233183857,5404.901079136691
2013-03-08,8118153,1.0,1,0,0.9946188340807175,0.5121076233183857,5404.901079136691
2013-03-09,6061383,0.0,0,0,0.9946188340807175,0.5121076233183857,5404.901079136691
2013-03-10,164917,0.0,0,0,0.01883408071748879,0.5121076233183857,5404.901079136691
2013-03-11,6194538,0.0,1,0,0.9946188340807175,0.5121076233183857,5404.901079136691
2013-03-12,5338418,0.0,1,0,0.9946188340807175,0.5121076233183857,5404.901079136691
2013-03-13,5830737,0.0,1,0,0.9946188340807175,0.5121076233183857,5404.901079136691
2013-03-14,6098093,0.0,1,0,0.9946188340807175,0.5121076233183857,5404.901079136691
2013-03-15,6783348,0.0,1,0,0.9946188340807175,0.5121076233183857,5404.901079136691
2013-03-16,6459058,0.0,0,0,0.9955156950672646,0.5121076233183857,5404.901079136691
2013-03-17,193072,0.0,0,0,0.021524663677130046,0.5121076233183857,5404.901079136691
2013-03-18,10078195,1.0,1,0,0.9964125560538116,0.5121076233183857,5404.901079136691
2013-03-19,8528292,1.0,1,0,0.9964125560538116,0.5121076233183857,5404.901079136691
2013-03-20,7728892,1.0,1,0,0.9964125560538116,0.5121076233183857,5404.901079136691
2013-03-21,7897067,1.0,1,0,0.9964125560538116,0.5121076233183857,5404.901079136691
2013-03-22,8245992,1.0,1,0,0.9964125560538116,0.5121076233183857,5404.901079136691
2013-03-23,6337911,0.0,1,0,0.9964125560538116,0.5121076233183857,5404.901079136691
2013-03-24,191036,0.0,1,0,0.025112107623318385,0.5121076233183857,5404.901079136691
2013-03-25,10482556,1.0,1,0,0.9955156950672646,0.5121076233183857,5404.901079136691
2013-03-26,9305505,1.0,1,0,0.9955156950672646,0.5121076233183857,5404.901079136691
2013-03-27,9674698,1.0,1,0,0.9955156950672646,0.5121076233183857,5404.901079136691
2013-03-28,11417987,1.0,1,0,0.9955156950672646,0.5121076233183857,5404.901079136691
2013-03-29,213921,1.0,1,1,0.014349775784753363,0.5121076233183857,5404.901079136691
2013-03-30,9380402,0.0,0,0,0.9964125560538116,0.5121076233183857,5404.901079136691
2013-03-31,176418,0.0,0,0,0.026905829596412557,0.5121076233183857,5404.901079136691
2013-04-01,241076,0.0,1,1,0.02780269058295964,0.5121076233183857,5404.901079136691
2013-04-02,7362049,0.0,1,0,0.9946188340807175,0.5121076233183857,5404.901079136691
2013-04-03,6406442,0.0,1,0,0.9946188340807175,0.5121076233183857,5404.901079136691
2013-04-04,6496112,0.0,1,0,0.9946188340807175,0.5121076233183857,5404.901079136691
2013-04-05,6622062,0.0,1,0,0.9946188340807175,0.5121076233183857,5404.901079136691
2013-04-06,6171054,0.0,0,0,0.9946188340807175,0.5121076233183857,5404.901079136691
2013-04-07,189097,0.0,0,0,0.02780269058295964,0.5121076233183857,5404.901079136691
2013-04-08,10115602,1.0,1,0,0.9937219730941704,0.5121076233183857,5404.901079136691
2013-04-09,8418477,1.0,1,0,0.9937219730941704,0.5121076233183857,5404.901079136691
2013-04-10,7698779,1.0,0,0,0.9946188340807175,0.5121076233183857,5404.901079136691
2013-04-11,7580421,1.0,0,0,0.9937219730941704,0.5121076233183857,5404.901079136691
2013-04-12,8056347,1.0,0,0,0.9946188340807175,0.5121076233183857,5404.901079136691
2013-04-13,6024315,0.0,0,0,0.9946188340807175,0.5121076233183857,5404.901079136691
2013-04-14,182641,0.0,0,0,0.02780269058295964,0.5121076233183857,5404.901079136691
2013-04-15,5711125,0.0,0,0,0.9946188340807175,0.5121076233183857,5404.901079136691
2013-04-16,5668517,0.0,0,0,0.9946188340807175,0.5121076233183857,5404.901079136691
2013-04-17,5556697,0.0,0,0,0.9946188340807175,0.5121076233183857,5404.901079136691
2013-04-18,5726233,0.0,0,0,0.9946188340807175,0.5121076233183857,5404.901079136691
2013-04-19,6349901,0.0,0,0,0.9946188340807175,0.5121076233183857,5404.901079136691
2013-04-20,6006147,0.0,0,0,0.9946188340807175,0.5121076233183857,5404.901079136691
2013-04-21,188406,0.0,0,0,0.026905829596412557,0.5121076233183857,5404.901079136691
2013-04-22,9542000,1.0,0,0,0.9946188340807175,0.5121076233183857,5404.901079136691
2013-04-23,8047511,1.0,0,0,0.9946188340807175,0.5121076233183857,5404.901079136691
2013-04-24,7177730,1.0,0,0,0.9946188340807175,0.5121076233183857,5404.901079136691
2013-04-25,7121467,1.0,0,0,0.9955156950672646,0.5121076233183857,5404.901079136691
2013-04-26,7652433,1.0,0,0,0.9955156950672646,0.5121076233183857,5404.901079136691
2013-04-27,6308284,0.0,0,0,0.9946188340807175,0.5121076233183857,5404.901079136691
2013-04-28,205232,0.0,0,0,0.02780269058295964,0.5121076233183857,5404.901079136691
2013-04-29,10040182,1.0,0,0,0.9955156950672646,0.5121076233183857,5404.901079136691
2013-04-30,10565093,1.0,0,0,0.9955156950672646,0.5121076233183857,5404.901079136691
2013-05-01,200972,1.0,0,1,0.016143497757847534,0.5121076233183857,5404.901079136691
2013-05-02,9884371,1.0,1,0,0.9964125560538116,0.5121076233183857,5404.901079136691
2013-05-03,8967338,1.0,1,0,0.9964125560538116,0.5121076233183857,5404.901079136691
2013-05-04,6487719,0.0,0,0,0.9964125560538116,0.5121076233183857,5404.901079136691
2013-05-05,200337,0.0,0,0,0.028699551569506727,0.5121076233183857,5404.901079136691
2013-05-06,6884920,0.0,1,0,0.9955156950672646,0.5121076233183857,5404.901079136691
2013-05-07,6697752,0.0,1,0,0.9964125560538116,0.5121076233183857,5404.901079136691
2013-05-08,7693180,0.0,1,0,0.9964125560538116,0.5121076233183857,5404.901079136691
2013-05-09,233215,0.0,1,1,0.026905829596412557,0.5121076233183857,5404.901079136691
2013-05-10,8481406,0.0,1,0,0.9964125560538116,0.5121076233183857,5404.901079136691
2013-05-11,6658662,0.0,0,0,0.9973094170403587,0.5121076233183857,5404.901079136691
2013-05-12,215592,0.0,0,0,0.02780269058295964,0.5121076233183857,5404.901079136691
2013-05-13,9826496,1.0,1,0,0.9973094170403587,0.5121076233183857,5404.901079136691
2013-05-14,8662237,1.0,1,0,0.9973094170403587,0.5121076233183857,5404.901079136691
2013-05-15,7767784,1.0,1,0,0.9973094170403587,0.5121076233183857,5404.901079136691
2013-05-16,7884887,1.0,1,0,0.9973094170403587,0.5121076233183857,5404.901079136691
2013-05-17,8225841,1.0,1,0,0.9973094170403587,0.5121076233183857,5404.901079136691
2013-05-18,6410461,0.0,0,0,0.9973094170403587,0.5121076233183857,5404.901079136691
2013-05-19,226808,0.0,0,0,0.02780269058295964,0.5121076233183857,5404.901079136691
2013-05-20,253936,0.0,1,1,0.029596412556053813,0.5121076233183857,5404.901079136691
2013-05-21,7204456,0.0,1,0,0.9964125560538116,0.5121076233183857,5404.901079136691
2013-05-22,6085235,0.0,1,0,0.9973094170403587,0.5121076233183857,5404.901079136691
2013-05-23,6209485,0.0,1,0,0.9973094170403587,0.5121076233183857,5404.901079136691
2013-05-24,6483138,0.0,1,0,0.9973094170403587,0.5121076233183857,5404.901079136691
2013-05-25,5806559,0.0,0,0,0.9973094170403587,0.5121076233183857,5404.901079136691
2013-05-26,201681,0.0,0,0,0.02780269058295964,0.5121076233183857,5404.901079136691
2013-05-27,9944524,1.0,1,0,0.9973094170403587,0.5121076233183857,5404.901079136691
2013-05-28,8390312,1.0,1,0,0.9973094170403587,0.5121076233183857,5404.901079136691
2013-05-29,8885059,1.0,1,0,0.9973094170403587,0.5121076233183857,5404.901079136691
2013-05-30,3422824,1.0,1,1,0.3847533632286996,0.5121076233183857,5404.901079136691
2013-05-31,10913876,1.0,1,0,0.9973094170403587,0.5121076233183857,5404.901079136691
2013-06-01,6907750,0.0,0,0,0.9973094170403587,0.5121076233183857,5404.901079136691
2013-06-02,238144,0.0,0,0,0.028699551569506727,0.5121076233183857,5404.901079136691
2013-06-03,10144989,1.0,0,0,0.9964125560538116,0.5121076233183857,5404.901079136691
2013-06-04,8526834,1.0,0,0,0.9973094170403587,0.5121076233183857,5404.901079136691
2013-06-05,7683188,1.0,0,0,0.9955156950672646,0.5121076233183857,5404.901079136691
2013-06-06,7646668,1.0,0,0,0.9946188340807175,0.5121076233183857,5404.901079136691
2013-06-07,7967656,1.0,0,0,0.9946188340807175,0.5121076233183857,5404.901079136691
2013-06-08,5993792,0.0,0,0,0.9955156950672646,0.5121076233183857,5404.901079136691
2013-06-09,226250,0.0,0,0,0.02780269058295964,0.5121076233183857,5404.901079136691
2013-06-10,6667460,0.0,0,0,0.9964125560538116,0.5121076233183857,5404.901079136691
2013-06-11,6201425,0.0,0,0,0.9964125560538116,0.5121076233183857,5404.901079136691
2013-06-12,5961024,0.0,0,0,0.9964125560538116,0.5121076233183857,5404.901079136691
2013-06-13,6044207,0.0,0,0,0.9964125560538116,0.5121076233183857,5404.901079136691
2013-06-14,6887448,0.0,0,0,0.9964125560538116,0.5121076233183857,5404.901079136691
2013-06-15,6144832,0.0,0,0,0.9964125560538116,0.5121076233183857,5404.901079136691
2013-06-16,225065,0.0,0,0,0.02780269058295964,0.5121076233183857,5404.901079136691
2013-06-17,10191372,1.0,0,0,0.9982062780269059,0.5121076233183857,5404.901079136691
2013-06-18,8100286,1.0,0,0,0.9982062780269059,0.5121076233183857,5404.901079136691
2013-06-19,7243757,1.0,1,0,0.9982062780269059,0.5121076233183857,5404.901079136691
2013-06-20,7353311,1.0,1,0,0.9982062780269059,0.5121076233183857,5404.901079136691
2013-06-21,8406280,1.0,1,0,0.9973094170403587,0.5121076233183857,5404.901079136691
2013-06-22,6189413,0.0,0,0,0.9973094170403587,0.5121076233183857,5404.901079136691
2013-06-23,224608,0.0,0,0,0.02780269058295964,0.5121076233183857,5404.901079136691
2013-06-24,6511212,0.0,1,0,0.9973094170403587,0.5121076233183857,5404.901079136691
2013-06-25,5827831,0.0,1,0,0.9973094170403587,0.5121076233183857,5404.901079136691
2013-06-26,6028195,0.0,1,0,0.9973094170403587,0.5121076233183857,5404.901079136691
2013-06-27,6372971,0.0,1,0,0.9973094170403587,0.5121076233183857,5404.901079136691
2013-06-28,7625077,0.0,1,0,0.9973094170403587,0.5121076233183857,5404.901079136691
2013-06-29,6909121,0.0,0,0,0.9964125560538116,0.5121076233183857,5404.901079136691
2013-06-30,252185,0.0,0,0,0.02780269058295964,0.5121076233183857,5404.901079136691
2013-07-01,10750990,1.0,1,0,0.9955156950672646,0.5121076233183857,5404.901079136691
2013-07-02,8936605,1.0,1,0,0.9955156950672646,0.5121076233183857,5404.901079136691
2013-07-03,8416942,1.0,1,0,0.9955156950672646,0.5121076233183857,5404.901079136691
2013-07-04,8458325,1.0,1,0,0.9946188340807175,0.5121076233183857,5404.901079136691
2013-07-05,8384512,1.0,1,0,0.9964125560538116,0.5121076233183857,5404.901079136691
2013-07-06,5927036,0.0,1,0,0.9964125560538116,0.5121076233183857,5404.901079136691
2013-07-07,234369,0.0,1,0,0.028699551569506727,0.5121076233183857,5404.901079136691
2013-07-08,6652999,0.0,1,0,0.9964125560538116,0.5121076233183857,5404.901079136691
2013-07-09,6157174,0.0,1,0,0.9973094170403587,0.5121076233183857,5404.901079136691
2013-07-10,6248496,0.0,1,0,0.9973094170403587,0.5121076233183857,5404.901079136691
2013-07-11,6483182,0.0,1,0,0.9973094170403587,0.5121076233183857,5404.901079136691
2013-07-12,6699439,0.0,1,0,0.9973094170403587,0.5121076233183857,5404.901079136691
2013-07-13,5987351,0.0,1,0,0.9973094170403587,0.5121076233183857,5404.901079136691
2013-07-14,253582,0.0,1,0,0.028699551569506727,0.5121076233183857,5404.901079136691
2013-07-15,11484803,1.0,1,0,0.9982062780269059,0.5121076233183857,5404.901079136691
2013-07-16,9157994,1.0,1,0,0.9982062780269059,0.5121076233183857,5404.901079136691
2013-07-17,8269168,1.0,1,0,0.9982062780269059,0.5121076233183857,5404.901079136691
2013-07-18,8092686,1.0,1,0,0.9982062780269059,0.5121076233183857,5404.901079136691
2013-07-19,8376476,1.0,1,0,0.9991031390134529,0.5121076233183857,5404.901079136691
2013-07-20,5941848,0.0,1,0,0.9991031390134529,0.5121076233183857,5404.901079136691
2013-07-21,235211,0.0,1,0,0.028699551569506727,0.5121076233183857,5404.901079136691
2013-07-22,6285621,0.0,1,0,0.9991031390134529,0.5121076233183857,5404.901079136691
2013-07-23,5767497,0.0,1,0,0.9991031390134529,0.5121076233183857,5404.901079136691
2013-07-24,5966755,0.0,1,0,0.9991031390134529,0.5121076233183857,5404.901079136691
2013-07-25,6065761,0.0,1,0,0.9991031390134529,0.5121076233183857,5404.901079136691
2013-07-26,6270667,0.0,1,0,0.9991031390134529,0.5121076233183857,5404.901079136691
2013-07-27,5448670,0.0,1,0,0.9991031390134529,0.5121076233183857,5404.901079136691
2013-07-28,232442,0.0,1,0,0.028699551569506727,0.5121076233183857,5404.901079136691
2013-07-29,11299276,1.0,1,0,0.9991031390134529,0.5121076233183857,5404.901079136691
2013-07-30,10064515,1.0,1,0,0.9991031390134529,0.5121076233183857,5404.901079136691
2013-07-31,10293490,1.0,1,0,0.9991031390134529,0.5121076233183857,5404.901079136691
2013-08-01,8783485,1.0,1,0,0.9982062780269059,0.5121076233183857,5404.901079136691
2013-08-02,8085626,1.0,1,0,0.9982062780269059,0.5121076233183857,5404.901079136691
2013-08-03,6320830,0.0,1,0,0.9982062780269059,0.5121076233183857,5404.901079136691
2013-08-04,252848,0.0,1,0,0.028699551569506727,0.5121076233183857,5404.901079136691
2013-08-05,7169893,0.0,1,0,0.9982062780269059,0.5121076233183857,5404.901079136691
2013-08-06,6366382,0.0,1,0,0.9982062780269059,0.5121076233183857,5404.901079136691
2013-08-07,6414477,0.0,1,0,0.9982062780269059,0.5121076233183857,5404.901079136691
2013-08-08,6430437,0.0,1,0,0.9919282511210762,0.5121076233183857,5404.901079136691
2013-08-09,6589299,0.0,1,0,1.0,0.5121076233183857,5404.901079136691
2013-08-10,5881545,0.0,1,0,1.0,0.5121076233183857,5404.901079136691
2013-08-11,243358,0.0,1,0,0.028699551569506727,0.5121076233183857,5404.901079136691
2013-08-12,11137198,1.0,1,0,1.0,0.5121076233183857,5404.901079136691
2013-08-13,9179490,1.0,1,0,1.0,0.5121076233183857,5404.901079136691
2013-08-14,8509505,1.0,1,0,1.0,0.5121076233183857,5404.901079136691
2013-08-15,7029537,1.0,1,1,0.8609865470852018,0.5121076233183857,5404.901079136691
2013-08-16,8137427,1.0,1,0,0.9982062780269059,0.5121076233183857,5404.901079136691
2013-08-17,5584570,0.0,0,0,0.9982062780269059,0.5121076233183857,5404.901079136691
2013-08-18,241793,0.0,0,0,0.028699551569506727,0.5121076233183857,5404.901079136691
2013-08-19,6391105,0.0,1,0,0.9982062780269059,0.5121076233183857,5404.901079136691
2013-08-20,5989832,0.0,1,0,0.9982062780269059,0.5121076233183857,5404.901079136691
2013-08-21,5696932,0.0,1,0,0.9982062780269059,0.5121076233183857,5404.901079136691
2013-08-22,5759988,0.0,1,0,0.9982062780269059,0.5121076233183857,5404.901079136691
2013-08-23,6035936,0.0,1,0,0.9982062780269059,0.5121076233183857,5404.901079136691
2013-08-24,5397910,0.0,0,0,0.9964125560538116,0.5121076233183857,5404.901079136691
2013-08-25,225182,0.0,0,0,0.028699551569506727,0.5121076233183857,5404.901079136691
2013-08-26,10302422,1.0,1,0,0.9973094170403587,0.5121076233183857,5404.901079136691
2013-08-27,8397061,1.0,1,0,0.9973094170403587,0.5121076233183857,5404.901079136691
2013-08-28,7838558,1.0,1,0,0.9982062780269059,0.5121076233183857,5404.901079136691
2013-08-29,7970501,1.0,1,0,0.9973094170403587,0.5121076233183857,5404.901079136691
2013-08-30,9221577,1.0,1,0,0.9991031390134529,0.5121076233183857,5404.901079136691
2013-08-31,6458023,0.0,0,0,0.9982062780269059,0.5121076233183857,5404.901079136691
2013-09-01,250990,0.0,0,0,0.029596412556053813,0.5121076233183857,5404.901079136691
2013-09-02,6834913,0.0,1,0,0.9973094170403587,0.5121076233183857,5404.901079136691
2013-09-03,6322579,0.0,1,0,0.9955156950672646,0.5121076233183857,5404.901079136691
2013-09-04,5985810,0.0,1,0,0.9955156950672646,0.5121076233183857,5404.901079136691
2013-09-05,5843845,0.0,1,0,0.9955156950672646,0.5121076233183857,5404.901079136691
2013-09-06,6121373,0.0,1,0,0.9955156950672646,0.5121076233183857,5404.901079136691
2013-09-07,5795003,0.0,0,0,0.9964125560538116,0.5121076233183857,5404.901079136691
2013-09-08,225500,0.0,0,0,0.028699551569506727,0.5121076233183857,5404.901079136691
2013-09-09,11058017,1.0,1,0,0.9964125560538116,0.5121076233183857,5404.901079136691
2013-09-10,8946722,1.0,1,0,0.9964125560538116,0.5121076233183857,5404.901079136691
2013-09-11,8285894,1.0,1,0,0.9973094170403587,0.5121076233183857,5404.901079136691
2013-09-12,8096007,1.0,0,0,0.9973094170403587,0.5121076233183857,5404.901079136691
2013-09-13,8371696,1.0,0,0,0.9982062780269059,0.5121076233183857,5404.901079136691
2013-09-14,5894325,0.0,0,0,0.9982062780269059,0.5121076233183857,5404.901079136691
2013-09-15,224076,0.0,0,0,0.028699551569506727,0.5121076233183857,5404.901079136691
2013-09-16,6130906,0.0,0,0,0.9982062780269059,0.5121076233183857,5404.901079136691
2013-09-17,5785061,0.0,0,0,0.9982062780269059,0.5121076233183857,5404.901079136691
2013-09-18,5438193,0.0,0,0,0.9991031390134529,0.5121076233183857,5404.901079136691
2013-09-19,5797033,0.0,0,0,0.9991031390134529,0.5121076233183857,5404.901079136691
2013-09-20,6042768,0.0,0,0,0.9991031390134529,0.5121076233183857,5404.901079136691
2013-09-21,5745122,0.0,0,0,0.9991031390134529,0.5121076233183857,5404.901079136691
2013-09-22,204164,0.0,0,0,0.028699551569506727,0.5121076233183857,5404.901079136691
2013-09-23,9449348,1.0,0,0,0.9991031390134529,0.5121076233183857,5404.901079136691
2013-09-24,7922441,1.0,0,0,0.9991031390134529,0.5121076233183857,5404.901079136691
2013-09-25,7390563,1.0,0,0,1.0,0.5121076233183857,5404.901079136691
2013-09-26,7489318,1.0,0,0,1.0,0.5121076233183857,5404.901079136691
2013-09-27,8267396,1.0,0,0,1.0,0.5121076233183857,5404.901079136691
2013-09-28,6245049,0.0,0,0,1.0,0.5121076233183857,5404.901079136691
2013-09-29,228875,0.0,0,0,0.029596412556053813,0.5121076233183857,5404.901079136691
2013-09-30,7660976,0.0,1,0,0.9991031390134529,0.5121076233183857,5404.901079136691
2013-10-01,6677200,0.0,1,0,1.0,0.5121076233183857,5404.901079136691
2013-10-02,7168893,0.0,1,0,1.0,0.5121076233183857,5404.901079136691
2013-10-03,285518,0.0,1,1,0.03587443946188341,0.5121076233183857,5404.901079136691
2013-10-04,8196635,0.0,1,0,1.0,0.5121076233183857,5404.901079136691
2013-10-05,6142021,0.0,1,0,1.0,0.5121076233183857,5404.901079136691
2013-10-06,217293,0.0,1,0,0.02780269058295964,0.5121076233183857,5404.901079136691
2013-10-07,11062400,1.0,1,0,1.0,0.5121076233183857,5404.901079136691
2013-10-08,8949093,1.0,1,0,1.0,0.5121076233183857,5404.901079136691
2013-10-09,8089729,1.0,1,0,1.0,0.5121076233183857,5404.901079136691
2013-10-10,7809827,1.0,1,0,1.0,0.5121076233183857,5404.901079136691
2013-10-11,8141538,1.0,1,0,1.0,0.5121076233183857,5404.901079136691
2013-10-12,6203651,0.0,1,0,1.0,0.5121076233183857,5404.901079136691
2013-10-13,227064,0.0,1,0,0.02780269058295964,0.5121076233183857,5404.901079136691
2013-10-14,6571405,0.0,1,0,1.0,0.5121076233183857,5404.901079136691
2013-10-15,5864402,0.0,1,0,1.0,0.5121076233183857,5404.901079136691
2013-10-16,5933839,0.0,1,0,1.0,0.5121076233183857,5404.901079136691
2013-10-17,5861163,0.0,1,0,1.0,0.5121076233183857,5404.901079136691
2013-10-18,6319569,0.0,1,0,1.0,0.5121076233183857,5404.901079136691
2013-10-19,5868927,0.0,1,0,1.0,0.5121076233183857,5404.901079136691
2013-10-20,208367,0.0,1,0,0.02780269058295964,0.5121076233183857,5404.901079136691
2013-10-21,9833873,1.0,1,0,1.0,0.5121076233183857,5404.901079136691
2013-10-22,7927560,1.0,1,0,1.0,0.5121076233183857,5404.901079136691
2013-10-23,7416700,1.0,1,0,1.0,0.5121076233183857,5404.901079136691
2013-10-24,7378657,1.0,1,0,1.0,0.5121076233183857,5404.901079136691
2013-10-25,7589058,1.0,1,0,1.0,0.5121076233183857,5404.901079136691
2013-10-26,5744750,0.0,0,0,1.0,0.5121076233183857,5404.901079136691
2013-10-27,218159,0.0,0,0,0.02780269058295964,0.5121076233183857,5404.901079136691
2013-10-28,5831815,0.0,1,0,1.0,0.5121076233183857,5404.901079136691
2013-10-29,6145546,0.0,1,0,1.0,0.5121076233183857,5404.901079136691
2013-10-30,6970004,0.0,1,0,1.0,0.5121076233183857,5404.901079136691
2013-10-31,6807674,0.0,1,1,0.852914798206278,0.5121076233183857,5404.901079136691
2013-11-01,3940492,0.0,1,1,0.48699551569506727,0.5121076233183857,5404.901079136691
2013-11-02,7410509,0.0,0,0,1.0,0.5121076233183857,5404.901079136691
2013-11-03,175864,0.0,0,0,0.016143497757847534,0.5121076233183857,5404.901079136691
2013-11-04,10568398,1.0,0,0,1.0,0.5121076233183857,5404.901079136691
2013-11-05,9306571,1.0,0,0,1.0,0.5121076233183857,5404.901079136691
2013-11-06,8224747,1.0,0,0,1.0,0.5121076233183857,5404.901079136691
2013-11-07,7951819,1.0,0,0,1.0,0.5121076233183857,5404.901079136691
2013-11-08,8443830,1.0,0,0,1.0,0.5121076233183857,5404.901079136691
2013-11-09,6566741,0.0,0,0,1.0,0.5121076233183857,5404.901079136691
2013-11-10,187852,0.0,0,0,0.015246636771300448,0.5121076233183857,5404.901079136691
2013-11-11,6423778,0.0,0,0,1.0,0.5121076233183857,5404.901079136691
2013-11-12,6003149,0.0,0,0,1.0,0.5121076233183857,5404.901079136691
2013-11-13,6028677,0.0,0,0,1.0,0.5121076233183857,5404.901079136691
2013-11-14,6140303,0.0,0,0,1.0,0.5121076233183857,5404.901079136691
2013-11-15,6741987,0.0,0,0,1.0,0.5121076233183857,5404.901079136691
2013-11-16,6605960,0.0,0,0,1.0,0.5121076233183857,5404.901079136691
2013-11-17,194615,0.0,0,0,0.015246636771300448,0.5121076233183857,5404.901079136691
2013-11-18,10528615,1.0,0,0,1.0,0.5121076233183857,5404.901079136691
2013-11-19,8895888,1.0,0,0,1.0,0.5121076233183857,5404.901079136691
2013-11-20,7472513,1.0,0,1,0.9327354260089686,0.5121076233183857,5404.901079136691
2013-11-21,8084449,1.0,0,0,1.0,0.5121076233183857,5404.901079136691
2013-11-22,8199106,1.0,0,0,1.0,0.5121076233183857,5404.901079136691
2013-11-23,6593077,0.0,0,0,1.0,0.5121076233183857,5404.901079136691
2013-11-24,198110,0.0,0,0,0.015246636771300448,0.5121076233183857,5404.901079136691
2013-11-25,7204808,0.0,0,0,1.0,0.5121076233183857,5404.901079136691
2013-11-26,6673704,0.0,0,0,1.0,0.5121076233183857,5404.901079136691
2013-11-27,6725418,0.0,0,0,1.0,0.5121076233183857,5404.901079136691
2013-11-28,7262197,0.0,0,0,1.0,0.5121076233183857,5404.901079136691
2013-11-29,8803269,0.0,0,0,1.0,0.5121076233183857,5404.901079136691
2013-11-30,8614478,0.0,0,0,1.0,0.5121076233183857,5404.901079136691
2013-12-01,220033,0.0,0,0,0.015246636771300448,0.5121076233183857,5404.901079136691
2013-12-02,12972440,1.0,0,0,1.0,0.5121076233183857,5404.901079136691
2013-12-03,10915444,1.0,0,0,1.0,0.5121076233183857,5404.901079136691
2013-12-04,10203870,1.0,0,0,1.0,0.5121076233183857,5404.901079136691
2013-12-05,10296749,1.0,0,0,1.0,0.5121076233183857,5404.901079136691
2013-12-06,8431475,1.0,0,0,1.0,0.5121076233183857,5404.901079136691
2013-12-07,7231141,0.0,0,0,1.0,0.5121076233183857,5404.901079136691
2013-12-08,190125,0.0,0,0,0.016143497757847534,0.5121076233183857,5404.901079136691
2013-12-09,7607576,0.0,0,0,1.0,0.5121076233183857,5404.901079136691
2013-12-10,7458243,0.0,0,0,1.0,0.5121076233183857,5404.901079136691
2013-12-11,7364610,0.0,0,0,1.0,0.5121076233183857,5404.901079136691
2013-12-12,7520198,0.0,0,0,1.0,0.5121076233183857,5404.901079136691
2013-12-13,8012317,0.0,0,0,1.0,0.5121076233183857,5404.901079136691
2013-12-14,7938245,0.0,0,0,1.0,0.5121076233183857,5404.901079136691
2013-12-15,214032,0.0,0,0,0.015246636771300448,0.5121076233183857,5404.901079136691
2013-12-16,15623548,1.0,0,0,1.0,0.5121076233183857,5404.901079136691
2013-12-17,13053993,1.0,0,0,1.0,0.5121076233183857,5404.901079136691
2013-12-18,12189674,1.0,0,0,1.0,0.5121076233183857,5404.901079136691
2013-12-19,11740273,1.0,1,0,1.0,0.5121076233183857,5404.901079136691
2013-12-20,12334496,1.0,1,0,1.0,0.5121076233183857,5404.901079136691
2013-12-21,10165366,0.0,0,0,1.0,0.5121076233183857,5404.901079136691
2013-12-22,263979,0.0,0,0,0.025112107623318385,0.5121076233183857,5404.901079136691
2013-12-23,14350056,0.0,1,0,1.0,0.5121076233183857,5404.901079136691
2013-12-24,5232808,0.0,1,0,1.0,0.5121076233183857,5404.901079136691
2013-12-25,142585,0.0,1,1,0.015246636771300448,0.5121076233183857,5404.901079136691
2013-12-26,188597,0.0,1,1,0.017040358744394617,0.5121076233183857,5404.901079136691
2013-12-27,8168568,0.0,1,0,1.0,0.5121076233183857,5404.901079136691
2013-12-28,6726568,0.0,1,0,1.0,0.5121076233183857,5404.901079136691
2013-12-29,226553,0.0,1,0,0.02242152466367713,0.5121076233183857,5404.901079136691
2013-12-30,10192135,0.0,1,0,1.0,0.5121076233183857,5404.901079136691
2013-12-31,4534864,0.0,1,0,1.0,0.5121076233183857,5404.901079136691
2014-01-01,118108,0.0,1,1,0.016143497757847534,0.5121076233183857,5404.901079136691
2014-01-02,6980556,0.0,1,0,1.0,0.5121076233183857,5404.901079136691
2014-01-03,7024253,0.0,1,0,1.0,0.5121076233183857,5404.901079136691
2014-01-04,6357259,0.0,1,0,1.0,0.5121076233183857,5404.901079136691
2014-01-05,184905,0.0,1,0,0.019730941704035873,0.5121076233183857,5404.901079136691
2014-01-06,8661727,1.0,1,1,0.7255605381165919,0.5121076233183857,5404.901079136691
2014-01-07,10456932,1.0,1,0,1.0,0.5121076233183857,5404.901079136691
2014-01-08,8643239,1.0,1,0,1.0,0.5121076233183857,5404.901079136691
2014-01-09,8016642,1.0,1,0,1.0,0.5121076233183857,5404.901079136691
2014-01-10,8548672,1.0,1,0,1.0,0.5121076233183857,5404.901079136691
2014-01-11,6231179,0.0,0,0,0.9973094170403587,0.5121076233183857,5404.901079136691
2014-01-12,175744,0.0,0,0,0.015246636771300448,0.5121076233183857,5404.901079136691
2014-01-13,6089929,0.0,0,0,0.9973094170403587,0.5121076233183857,5404.901079136691
2014-01-14,5785842,0.0,0,0,0.9973094170403587,0.5121076233183857,5404.901079136691
2014-01-15,5779426,0.0,0,0,0.9964125560538116,0.5121076233183857,5404.901079136691
2014-01-16,5720266,0.0,0,0,0.9955156950672646,0.5121076233183857,5404.901079136691
2014-01-17,6332625,0.0,0,0,0.9955156950672646,0.5121076233183857,5404.901079136691
2014-01-18,6213031,0.0,0,0,0.9955156950672646,0.5121076233183857,5404.901079136691
2014-01-19,175778,0.0,0,0,0.015246636771300448,0.5121076233183857,5404.901079136691
2014-01-20,10648819,1.0,0,0,0.9955156950672646,0.5121076233183857,5404.901079136691
2014-01-21,8475207,1.0,0,0,0.9955156950672646,0.5121076233183857,5404.901079136691
2014-01-22,7970289,1.0,0,0,0.9955156950672646,0.5121076233183857,5404.901079136691
2014-01-23,7625568,1.0,0,0,0.9955156950672646,0.5121076233183857,5404.901079136691
2014-01-24,7851977,1.0,0,0,0.9973094170403587,0.5121076233183857,5404.901079136691
2014-01-25,5986034,0.0,0,0,0.9973094170403587,0.5121076233183857,5404.901079136691
2014-01-26,160153,0.0,0,0,0.015246636771300448,0.5121076233183857,5404.901079136691
2014-01-27,5689615,0.0,0,0,0.9982062780269059,0.5121076233183857,5404.901079136691
2014-01-28,5790602,0.0,0,0,0.9982062780269059,0.5121076233183857,5404.901079136691
2014-01-29,5809489,0.0,0,0,0.9982062780269059,0.5121076233183857,5404.901079136691
2014-01-30,6313068,0.0,1,0,0.9982062780269059,0.5121076233183857,5404.901079136691
2014-01-31,7935853,0.0,1,0,0.9982062780269059,0.5121076233183857,5404.901079136691
2014-02-01,6934170,0.0,0,0,0.9982062780269059,0.5121076233183857,5404.901079136691
2014-02-02,214940,0.0,0,0,0.016143497757847534,0.5121076233183857,5404.901079136691
2014-02-03,11757740,1.0,1,0,0.9982062780269059,0.5121076233183857,5404.901079136691
2014-02-04,9651472,1.0,1,0,0.9982062780269059,0.5121076233183857,5404.901079136691
2014-02-05,8456987,1.0,1,0,0.9982062780269059,0.5121076233183857,5404.901079136691
2014-02-06,8226263,1.0,1,0,0.9982062780269059,0.5121076233183857,5404.901079136691
2014-02-07,8075318,1.0,1,0,0.9982062780269059,0.5121076233183857,5404.901079136691
2014-02-08,6387706,0.0,0,0,0.9982062780269059,0.5121076233183857,5404.901079136691
2014-02-09,190226,0.0,0,0,0.015246636771300448,0.5121076233183857,5404.901079136691
2014-02-10,6451410,0.0,1,0,0.9973094170403587,0.5121076233183857,5404.901079136691
2014-02-11,6056843,0.0,1,0,0.9973094170403587,0.5121076233183857,5404.901079136691
2014-02-12,6046448,0.0,1,0,0.9982062780269059,0.5121076233183857,5404.901079136691
2014-02-13,6180416,0.0,0,0,0.9982062780269059,0.5121076233183857,5404.901079136691
2014-02-14,7086640,0.0,0,0,0.9991031390134529,0.5121076233183857,5404.901079136691
2014-02-15,6293698,0.0,0,0,0.9991031390134529,0.5121076233183857,5404.901079136691
2014-02-16,190158,0.0,0,0,0.015246636771300448,0.5121076233183857,5404.901079136691
2014-02-17,10675316,1.0,1,0,0.9991031390134529,0.5121076233183857,5404.901079136691
2014-02-18,8708285,1.0,1,0,0.9991031390134529,0.5121076233183857,5404.901079136691
2014-02-19,7855918,1.0,1,0,0.9991031390134529,0.5121076233183857,5404.901079136691
2014-02-20,7738889,1.0,1,0,0.9991031390134529,0.5121076233183857,5404.901079136691
2014-02-21,7862313,1.0,1,0,1.0,0.5121076233183857,5404.901079136691
2014-02-22,6123882,0.0,0,0,0.9991031390134529,0.5121076233183857,5404.901079136691
2014-02-23,185005,0.0,0,0,0.016143497757847534,0.5121076233183857,5404.901079136691
2014-02-24,6036002,0.0,1,0,0.9991031390134529,0.5121076233183857,5404.901079136691
2014-02-25,5697449,0.0,1,0,0.9991031390134529,0.5121076233183857,5404.901079136691
2014-02-26,5960448,0.0,1,0,0.9991031390134529,0.5121076233183857,5404.901079136691
2014-02-27,6006428,0.0,1,0,0.9982062780269059,0.5121076233183857,5404.901079136691
2014-02-28,7874307,0.0,1,0,0.9991031390134529,0.5121076233183857,5404.901079136691
2014-03-01,7088957,0.0,0,0,1.0,0.5121076233183857,5404.901079136691
2014-03-02,225564,0.0,0,0,0.017040358744394617,0.5121076233183857,5404.901079136691
2014-03-03,10254710,1.0,1,0,0.9721973094170404,0.5121076233183857,5404.901079136691
2014-03-04,9211960,1.0,1,0,0.9973094170403587,0.5121076233183857,5404.901079136691
2014-03-05,8802968,1.0,1,0,1.0,0.5121076233183857,5404.901079136691
2014-03-06,8444592,1.0,1,0,1.0,0.5121076233183857,5404.901079136691
2014-03-07,8486290,1.0,1,0,1.0,0.5121076233183857,5404.901079136691
2014-03-08,6075937,0.0,0,0,1.0,0.5121076233183857,5404.901079136691
2014-03-09,187110,0.0,0,0,0.017937219730941704,0.5121076233183857,5404.901079136691
2014-03-10,6204784,0.0,1,0,0.9973094170403587,0.5121076233183857,5404.901079136691
2014-03-11,5906003,0.0,1,0,0.9973094170403587,0.5121076233183857,5404.901079136691
2014-03-12,5795093,0.0,1,0,0.9982062780269059,0.5121076233183857,5404.901079136691
2014-03-13,5898902,0.0,1,0,0.9964125560538116,0.5121076233183857,5404.901079136691
2014-03-14,6447567,0.0,1,0,0.9964125560538116,0.5121076233183857,5404.901079136691
2014-03-15,6310072,0.0,0,0,0.9964125560538116,0.5121076233183857,5404.901079136691
2014-03-16,213125,0.0,0,0,0.0242152466367713,0.5121076233183857,5404.901079136691
2014-03-17,10311703,1.0,0,0,0.9964125560538116,0.5121076233183857,5404.901079136691
2014-03-18,8426401,1.0,0,0,0.9973094170403587,0.5121076233183857,5404.901079136691
2014-03-19,7849900,1.0,0,0,0.9973094170403587,0.5121076233183857,5404.901079136691
2014-03-20,7179418,1.0,0,0,0.9964125560538116,0.5121076233183857,5404.901079136691
2014-03-21,7681649,1.0,0,0,0.9964125560538116,0.5121076233183857,5404.901079136691
2014-03-22,6176931,0.0,0,0,0.9946188340807175,0.5121076233183857,5404.901079136691
2014-03-23,217517,0.0,0,0,0.026905829596412557,0.5121076233183857,5404.901079136691
2014-03-24,6506590,0.0,0,0,0.9946188340807175,0.5121076233183857,5404.901079136691
2014-03-25,5909575,0.0,0,0,0.9946188340807175,0.5121076233183857,5404.901079136691
2014-03-26,5840946,0.0,0,0,0.9955156950672646,0.5121076233183857,5404.901079136691
2014-03-27,6024721,0.0,0,0,0.9955156950672646,0.5121076233183857,5404.901079136691
2014-03-28,6822072,0.0,0,0,0.9964125560538116,0.5121076233183857,5404.901079136691
2014-03-29,6248819,0.0,0,0,0.9973094170403587,0.5121076233183857,5404.901079136691
2014-03-30,207045,0.0,0,0,0.026905829596412557,0.5121076233183857,5404.901079136691
2014-03-31,12062933,1.0,0,0,0.9991031390134529,0.5121076233183857,5404.901079136691
2014-04-01,9114237,1.0,0,0,0.9991031390134529,0.5121076233183857,5404.901079136691
2014-04-02,8314447,1.0,0,0,0.9982062780269059,0.5121076233183857,5404.901079136691
2014-04-03,8215262,1.0,1,0,0.9982062780269059,0.5121076233183857,5404.901079136691
2014-04-04,8575005,1.0,1,0,0.9991031390134529,0.5121076233183857,5404.901079136691
2014-04-05,6560749,0.0,1,0,0.9991031390134529,0.5121076233183857,5404.901079136691
2014-04-06,223163,0.0,1,0,0.028699551569506727,0.5121076233183857,5404.901079136691
2014-04-07,6624706,0.0,1,0,0.9991031390134529,0.5121076233183857,5404.901079136691
2014-04-08,6248167,0.0,1,0,0.9991031390134529,0.5121076233183857,5404.901079136691
2014-04-09,6410230,0.0,1,0,0.9991031390134529,0.5121076233183857,5404.901079136691
2014-04-10,6524511,0.0,1,0,1.0,0.5121076233183857,5404.901079136691
2014-04-11,6910251,0.0,1,0,1.0,0.5121076233183857,5404.901079136691
2014-04-12,6388099,0.0,1,0,1.0,0.5121076233183857,5404.901079136691
2014-04-13,241475,0.0,1,0,0.02780269058295964,0.5121076233183857,5404.901079136691
2014-04-14,11683139,1.0,1,0,1.0,0.5121076233183857,5404.901079136691
2014-04-15,10668363,1.0,1,0,1.0,0.5121076233183857,5404.901079136691
2014-04-16,10024850,1.0,1,0,1.0,0.5121076233183857,5404.901079136691
2014-04-17,10357418,1.0,1,0,1.0,0.5121076233183857,5404.901079136691
2014-04-18,222365,1.0,1,1,0.015246636771300448,0.5121076233183857,5404.901079136691
2014-04-19,8428009,0.0,1,0,1.0,0.5121076233183857,5404.901079136691
2014-04-20,186799,0.0,1,0,0.028699551569506727,0.5121076233183857,5404.901079136691
2014-04-21,240988,0.0,1,1,0.028699551569506727,0.5121076233183857,5404.901079136691
2014-04-22,6971756,0.0,1,0,0.9991031390134529,0.5121076233183857,5404.901079136691
2014-04-23,5997676,0.0,1,0,0.9991031390134529,0.5121076233183857,5404.901079136691
2014-04-24,6039156,0.0,1,0,0.9991031390134529,0.5121076233183857,5404.901079136691
2014-04-25,6219955,0.0,1,0,0.9991031390134529,0.5121076233183857,5404.901079136691
2014-04-26,5968493,0.0,0,0,0.9991031390134529,0.5121076233183857,5404.901079136691
2014-04-27,219630,0.0,0,0,0.028699551569506727,0.5121076233183857,5404.901079136691
2014-04-28,10667908,1.0,1,0,0.9991031390134529,0.5121076233183857,5404.901079136691
2014-04-29,9457130,1.0,1,0,1.0,0.5121076233183857,5404.901079136691
2014-04-30,10841040,1.0,1,0,1.0,0.5121076233183857,5404.901079136691
2014-05-01,238077,1.0,1,1,0.017937219730941704,0.5121076233183857,5404.901079136691
2014-05-02,11310699,1.0,1,0,0.9991031390134529,0.5121076233183857,5404.901079136691
2014-05-03,6850332,0.0,0,0,0.9991031390134529,0.5121076233183857,5404.901079136691
2014-05-04,227506,0.0,0,0,0.029596412556053813,0.5121076233183857,5404.901079136691
2014-05-05,10797063,1.0,0,0,1.0,0.5121076233183857,5404.901079136691
2014-05-06,9073871,1.0,0,0,1.0,0.5121076233183857,5404.901079136691
2014-05-07,8451824,1.0,0,0,0.9991031390134529,0.5121076233183857,5404.901079136691
2014-05-08,8356504,1.0,0,0,0.9991031390134529,0.5121076233183857,5404.901079136691
2014-05-09,8722646,1.0,0,0,0.9991031390134529,0.5121076233183857,5404.901079136691
2014-05-10,6828031,0.0,0,0,0.9991031390134529,0.5121076233183857,5404.901079136691
2014-05-11,242817,0.0,0,0,0.028699551569506727,0.5121076233183857,5404.901079136691
2014-05-12,6383523,0.0,0,0,0.9991031390134529,0.5121076233183857,5404.901079136691
2014-05-13,6128627,0.0,0,0,0.9991031390134529,0.5121076233183857,5404.901079136691
2014-05-14,6141038,0.0,0,0,0.9991031390134529,0.5121076233183857,5404.901079136691
2014-05-15,6252912,0.0,0,0,0.9991031390134529,0.5121076233183857,5404.901079136691
2014-05-16,6515173,0.0,0,0,0.9991031390134529,0.5121076233183857,5404.901079136691
2014-05-17,6052688,0.0,0,0,0.9991031390134529,0.5121076233183857,5404.901079136691
2014-05-18,234786,0.0,0,0,0.028699551569506727,0.5121076233183857,5404.901079136691
2014-05-19,10104320,1.0,0,0,0.9991031390134529,0.5121076233183857,5404.901079136691
2014-05-20,8264365,1.0,0,0,0.9982062780269059,0.5121076233183857,5404.901079136691
2014-05-21,7727052,1.0,0,0,0.9982062780269059,0.5121076233183857,5404.901079136691
2014-05-22,7517793,1.0,0,0,0.9982062780269059,0.5121076233183857,5404.901079136691
2014-05-23,8177009,1.0,0,0,0.9982062780269059,0.5121076233183857,5404.901079136691
2014-05-24,6130815,0.0,0,0,0.9982062780269059,0.5121076233183857,5404.901079136691
2014-05-25,224097,0.0,0,0,0.028699551569506727,0.5121076233183857,5404.901079136691
2014-05-26,6489410,0.0,0,0,0.9982062780269059,0.5121076233183857,5404.901079136691
2014-05-27,6286135,0.0,0,0,0.9982062780269059,0.5121076233183857,5404.901079136691
2014-05-28,7944392,0.0,0,0,0.9982062780269059,0.5121076233183857,5404.901079136691
2014-05-29,292254,0.0,0,1,0.02780269058295964,0.5121076233183857,5404.901079136691
2014-05-30,9846892,0.0,1,0,0.9982062780269059,0.5121076233183857,5404.901079136691
2014-05-31,6880606,0.0,0,0,0.9973094170403587,0.5121076233183857,5404.901079136691
2014-06-01,264670,0.0,0,0,0.029596412556053813,0.5121076233183857,5404.901079136691
2014-06-02,11662688,1.0,1,0,0.9973094170403587,0.5121076233183857,5404.901079136691
2014-06-03,9598519,1.0,1,0,0.9973094170403587,0.5121076233183857,5404.901079136691
2014-06-04,8807342,1.0,1,0,0.9982062780269059,0.5121076233183857,5404.901079136691
2014-06-05,8812312,1.0,1,0,0.9982062780269059,0.5121076233183857,5404.901079136691
2014-06-06,8857173,1.0,1,0,0.9982062780269059,0.5121076233183857,5404.901079136691
2014-06-07,6731210,0.0,0,0,0.9982062780269059,0.5121076233183857,5404.901079136691
2014-06-08,275989,0.0,0,0,0.028699551569506727,0.5121076233183857,5404.901079136691
2014-06-09,288181,0.0,0,1,0.030493273542600896,0.5121076233183857,5404.901079136691
2014-06-10,7416071,0.0,1,0,0.9982062780269059,0.5121076233183857,5404.901079136691
2014-06-11,6688764,0.0,1,0,0.9982062780269059,0.5121076233183857,5404.901079136691
2014-06-12,6939204,0.0,1,0,0.9982062780269059,0.5121076233183857,5404.901079136691
2014-06-13,7068339,0.0,1,0,0.9982062780269059,0.5121076233183857,5404.901079136691
2014-06-14,6574173,0.0,0,0,0.9982062780269059,0.5121076233183857,5404.901079136691
2014-06-15,238273,0.0,0,0,0.028699551569506727,0.5121076233183857,5404.901079136691
2014-06-16,10692037,1.0,1,0,0.9982062780269059,0.5121076233183857,5404.901079136691
2014-06-17,9295150,1.0,1,0,0.9982062780269059,0.5121076233183857,5404.901079136691
2014-06-18,9059505,1.0,1,0,0.9982062780269059,0.5121076233183857,5404.901079136691
2014-06-19,3307766,1.0,1,1,0.3847533632286996,0.5121076233183857,5404.901079136691
2014-06-20,9683407,1.0,1,0,0.9982062780269059,0.5121076233183857,5404.901079136691
2014-06-21,6065789,0.0,0,0,0.9982062780269059,0.5121076233183857,5404.901079136691
2014-06-22,230668,0.0,0,0,0.028699551569506727,0.5121076233183857,5404.901079136691
2014-06-23,6604967,0.0,0,0,0.9973094170403587,0.5121076233183857,5404.901079136691
2014-06-24,6040970,0.0,0,0,0.9964125560538116,0.5121076233183857,5404.901079136691
2014-06-25,5977803,0.0,0,0,0.9964125560538116,0.5121076233183857,5404.901079136691
2014-06-26,5802491,0.0,0,0,0.9964125560538116,0.5121076233183857,5404.901079136691
2014-06-27,6910940,0.0,0,0,0.9973094170403587,0.5121076233183857,5404.901079136691
2014-06-28,6586535,0.0,0,0,0.9973094170403587,0.5121076233183857,5404.901079136691
2014-06-29,257513,0.0,0,0,0.028699551569506727,0.5121076233183857,5404.901079136691
2014-06-30,13308602,1.0,0,0,0.9973094170403587,0.5121076233183857,5404.901079136691
2014-07-01,8240050,1.0,0,0,0.9978609625668449,0.44385026737967914,5553.708467309753
2014-07-02,7708595,1.0,0,0,0.9967914438502674,0.44385026737967914,5553.708467309753
2014-07-03,7204662,1.0,0,0,0.9967914438502674,0.44385026737967914,5553.708467309753
2014-07-04,6518718,1.0,0,0,0.9957219251336898,0.44385026737967914,5553.708467309753
2014-07-05,5377184,0.0,0,0,0.9967914438502674,0.44385026737967914,5553.708467309753
2014-07-06,241423,0.0,0,0,0.033155080213903745,0.44385026737967914,5553.708467309753
2014-07-07,6059587,0.0,1,0,0.9967914438502674,0.44385026737967914,5553.708467309753
2014-07-08,5119383,0.0,1,0,0.9967914438502674,0.44385026737967914,5553.708467309753
2014-07-09,4959489,0.0,1,0,0.9967914438502674,0.44385026737967914,5553.708467309753
2014-07-10,5729302,0.0,1,0,0.9967914438502674,0.44385026737967914,5553.708467309753
2014-07-11,5791635,0.0,1,0,0.9967914438502674,0.44385026737967914,5553.708467309753
2014-07-12,5329624,0.0,0,0,0.9935828877005347,0.44385026737967914,5553.708467309753
2014-07-13,268130,0.0,0,0,0.033155080213903745,0.44385026737967914,5553.708467309753
2014-07-14,8607714,1.0,1,0,0.9914438502673797,0.44385026737967914,5553.708467309753
2014-07-15,7684994,1.0,1,0,0.9914438502673797,0.44385026737967914,5553.708467309753
2014-07-16,7177840,1.0,1,0,0.9914438502673797,0.44385026737967914,5553.708467309753
2014-07-17,6837176,1.0,1,0,0.9914438502673797,0.44385026737967914,5553.708467309753
2014-07-18,6647315,1.0,1,0,0.9914438502673797,0.44385026737967914,5553.708467309753
2014-07-19,4689269,0.0,0,0,0.9914438502673797,0.44385026737967914,5553.708467309753
2014-07-20,248092,0.0,0,0,0.033155080213903745,0.44385026737967914,5553.708467309753
2014-07-21,5690785,0.0,1,0,0.9914438502673797,0.44385026737967914,5553.708467309753
2014-07-22,5274595,0.0,1,0,0.9914438502673797,0.44385026737967914,5553.708467309753
2014-07-23,5068787,0.0,1,0,0.9935828877005347,0.44385026737967914,5553.708467309753
2014-07-24,5179026,0.0,1,0,0.9946524064171123,0.44385026737967914,5553.708467309753
2014-07-25,5493418,0.0,1,0,0.9957219251336898,0.44385026737967914,5553.708467309753
2014-07-26,4887412,0.0,0,0,0.9957219251336898,0.44385026737967914,5553.708467309753
2014-07-27,244638,0.0,0,0,0.033155080213903745,0.44385026737967914,5553.708467309753
2014-07-28,8536879,1.0,1,0,0.9957219251336898,0.44385026737967914,5553.708467309753
2014-07-29,7323566,1.0,1,0,0.9957219251336898,0.44385026737967914,5553.708467309753
2014-07-30,7468663,1.0,1,0,0.9957219251336898,0.44385026737967914,5553.708467309753
2014-07-31,8284756,1.0,1,0,0.9946524064171123,0.44385026737967914,5553.708467309753
2014-08-01,7544719,1.0,1,0,0.9967914438502674,0.44385026737967914,5553.708467309753
2014-08-02,5300445,0.0,1,0,0.9967914438502674,0.44385026737967914,5553.708467309753
2014-08-03,273058,0.0,1,0,0.033155080213903745,0.44385026737967914,5553.708467309753
2014-08-04,9062750,1.0,1,0,0.9967914438502674,0.44385026737967914,5553.708467309753
2014-08-05,7530345,1.0,1,0,0.9967914438502674,0.44385026737967914,5553.708467309753
2014-08-06,6709611,1.0,1,0,0.9967914438502674,0.44385026737967914,5553.708467309753
2014-08-07,6772684,1.0,1,0,0.9967914438502674,0.44385026737967914,5553.708467309753
2014-08-08,6571862,1.0,1,0,0.9978609625668449,0.44385026737967914,5553.708467309753
2014-08-09,4938926,0.0,1,0,0.9978609625668449,0.44385026737967914,5553.708467309753
2014-08-10,249646,0.0,1,0,0.033155080213903745,0.44385026737967914,5553.708467309753
2014-08-11,5850906,0.0,1,0,0.9978609625668449,0.44385026737967914,5553.708467309753
2014-08-12,5281785,0.0,1,0,0.9978609625668449,0.44385026737967914,5553.708467309753
2014-08-13,5149918,0.0,1,0,0.9978609625668449,0.44385026737967914,5553.708467309753
2014-08-14,5395023,0.0,1,0,0.9978609625668449,0.44385026737967914,5553.708467309753
2014-08-15,5595129,0.0,1,0,0.9989304812834224,0.44385026737967914,5553.708467309753
2014-08-16,5021534,0.0,1,0,0.9989304812834224,0.44385026737967914,5553.708467309753
2014-08-17,255808,0.0,1,0,0.033155080213903745,0.44385026737967914,5553.708467309753
2014-08-18,9250961,1.0,1,0,0.9989304812834224,0.44385026737967914,5553.708467309753
2014-08-19,7698449,1.0,1,0,0.9989304812834224,0.44385026737967914,5553.708467309753
2014-08-20,7022798,1.0,1,0,0.9989304812834224,0.44385026737967914,5553.708467309753
2014-08-21,6616202,1.0,1,0,0.9989304812834224,0.44385026737967914,5553.708467309753
2014-08-22,6638319,1.0,1,0,0.9957219251336898,0.44385026737967914,5553.708467309753
2014-08-23,4958030,0.0,1,0,0.9946524064171123,0.44385026737967914,5553.708467309753
2014-08-24,248837,0.0,1,0,0.033155080213903745,0.44385026737967914,5553.708467309753
2014-08-25,5750763,0.0,1,0,0.9957219251336898,0.44385026737967914,5553.708467309753
2014-08-26,5056366,0.0,1,0,0.9957219251336898,0.44385026737967914,5553.708467309753
2014-08-27,5167298,0.0,1,0,0.9946524064171123,0.44385026737967914,5553.708467309753
2014-08-28,5355611,0.0,1,0,0.9946524064171123,0.44385026737967914,5553.708467309753
2014-08-29,6562758,0.0,1,0,0.9925133689839573,0.44385026737967914,5553.708467309753
2014-08-30,5643050,0.0,1,0,0.9925133689839573,0.44385026737967914,5553.708467309753
2014-08-31,274884,0.0,1,0,0.033155080213903745,0.44385026737967914,5553.708467309753
2014-09-01,9737203,1.0,1,0,0.9925133689839573,0.44385026737967914,5553.708467309753
2014-09-02,7854744,1.0,1,0,0.9935828877005347,0.44385026737967914,5553.708467309753
2014-09-03,7170145,1.0,1,0,0.9935828877005347,0.44385026737967914,5553.708467309753
2014-09-04,6799830,1.0,1,0,0.9925133689839573,0.44385026737967914,5553.708467309753
2014-09-05,6908744,1.0,1,0,0.9946524064171123,0.44385026737967914,5553.708467309753
2014-09-06,5010762,0.0,1,0,0.9946524064171123,0.44385026737967914,5553.708467309753
2014-09-07,228115,0.0,1,0,0.033155080213903745,0.44385026737967914,5553.708467309753
2014-09-08,5655302,0.0,1,0,0.9946524064171123,0.44385026737967914,5553.708467309753
2014-09-09,5259862,0.0,1,0,0.9935828877005347,0.44385026737967914,5553.708467309753
2014-09-10,5220667,0.0,1,0,0.9957219251336898,0.44385026737967914,5553.708467309753
2014-09-11,5288519,0.0,1,0,0.9967914438502674,0.44385026737967914,5553.708467309753
2014-09-12,5479788,0.0,1,0,0.9967914438502674,0.44385026737967914,5553.708467309753
2014-09-13,5134569,0.0,0,0,0.9967914438502674,0.44385026737967914,5553.708467309753
2014-09-14,243543,0.0,0,0,0.033155080213903745,0.44385026737967914,5553.708467309753
2014-09-15,8724338,1.0,0,0,0.9967914438502674,0.44385026737967914,5553.708467309753
2014-09-16,7191134,1.0,0,0,0.9967914438502674,0.44385026737967914,5553.708467309753
2014-09-17,6513743,1.0,0,0,0.9967914438502674,0.44385026737967914,5553.708467309753
2014-09-18,6397477,1.0,0,0,0.9967914438502674,0.44385026737967914,5553.708467309753
2014-09-19,6550530,1.0,0,0,0.9967914438502674,0.44385026737967914,5553.708467309753
2014-09-20,4915671,0.0,0,0,0.9978609625668449,0.44385026737967914,5553.708467309753
2014-09-21,242302,0.0,0,0,0.033155080213903745,0.44385026737967914,5553.708467309753
2014-09-22,5277645,0.0,0,0,0.9989304812834224,0.44385026737967914,5553.708467309753
2014-09-23,4977122,0.0,0,0,0.9978609625668449,0.44385026737967914,5553.708467309753
2014-09-24,4805992,0.0,0,0,0.9989304812834224,0.44385026737967914,5553.708467309753
2014-09-25,4969583,0.0,0,0,0.9989304812834224,0.44385026737967914,5553.708467309753
2014-09-26,5320736,0.0,0,0,0.9989304812834224,0.44385026737967914,5553.708467309753
2014-09-27,4975386,0.0,0,0,0.9989304812834224,0.44385026737967914,5553.708467309753
2014-09-28,220642,0.0,0,0,0.034224598930481284,0.44385026737967914,5553.708467309753
2014-09-29,8548286,1.0,0,0,0.9989304812834224,0.44385026737967914,5553.708467309753
2014-09-30,8893788,1.0,0,0,0.9989304812834224,0.44385026737967914,5553.708467309753
2014-10-01,7702334,1.0,0,0,1.0,0.44385026737967914,5553.708467309753
2014-10-02,8155792,1.0,0,0,0.9989304812834224,0.44385026737967914,5553.708467309753
2014-10-03,307988,1.0,0,1,0.04171122994652406,0.44385026737967914,5553.708467309753
2014-10-04,6426083,0.0,0,0,0.9989304812834224,0.44385026737967914,5553.708467309753
2014-10-05,225796,0.0,0,0,0.03208556149732621,0.44385026737967914,5553.708467309753
2014-10-06,9028634,1.0,1,0,1.0,0.44385026737967914,5553.708467309753
2014-10-07,7332784,1.0,1,0,1.0,0.44385026737967914,5553.708467309753
2014-10-08,6869767,1.0,1,0,0.9989304812834224,0.44385026737967914,5553.708467309753
2014-10-09,6816808,1.0,1,0,1.0,0.44385026737967914,5553.708467309753
2014-10-10,7047404,1.0,1,0,1.0,0.44385026737967914,5553.708467309753
2014-10-11,5190193,0.0,0,0,1.0,0.44385026737967914,5553.708467309753
2014-10-12,240423,0.0,0,0,0.03208556149732621,0.44385026737967914,5553.708467309753
2014-10-13,5445980,0.0,1,0,1.0,0.44385026737967914,5553.708467309753
2014-10-14,5213744,0.0,1,0,1.0,0.44385026737967914,5553.708467309753
2014-10-15,5110401,0.0,1,0,1.0,0.44385026737967914,5553.708467309753
2014-10-16,5179446,0.0,1,0,1.0,0.44385026737967914,5553.708467309753
2014-10-17,5449686,0.0,1,0,1.0,0.44385026737967914,5553.708467309753
2014-10-18,4945733,0.0,0,0,1.0,0.44385026737967914,5553.708467309753
2014-10-19,204991,0.0,0,0,0.03208556149732621,0.44385026737967914,5553.708467309753
2014-10-20,8078830,1.0,1,0,1.0,0.44385026737967914,5553.708467309753
2014-10-21,6677374,1.0,1,0,1.0,0.44385026737967914,5553.708467309753
2014-10-22,6129832,1.0,1,0,1.0,0.44385026737967914,5553.708467309753
2014-10-23,6463607,1.0,1,0,1.0,0.44385026737967914,5553.708467309753
2014-10-24,6523289,1.0,1,0,1.0,0.44385026737967914,5553.708467309753
2014-10-25,4894704,0.0,1,0,1.0,0.44385026737967914,5553.708467309753
2014-10-26,219359,0.0,1,0,0.03208556149732621,0.44385026737967914,5553.708467309753
2014-10-27,5508341,0.0,1,0,1.0,0.44385026737967914,5553.708467309753
2014-10-28,5163755,0.0,1,0,0.9989304812834224,0.44385026737967914,5553.708467309753
2014-10-29,5285015,0.0,1,0,1.0,0.44385026737967914,5553.708467309753
2014-10-30,6271893,0.0,1,0,1.0,0.44385026737967914,5553.708467309753
2014-10-31,6106412,0.0,1,1,0.825668449197861,0.44385026737967914,5553.708467309753
2014-11-01,3522395,0.0,0,1,0.5796791443850268,0.44385026737967914,5553.708467309753
2014-11-02,213741,0.0,0,0,0.01818181818181818,0.44385026737967914,5553.708467309753
2014-11-03,9953793,1.0,1,0,1.0,0.44385026737967914,5553.708467309753
2014-11-04,8181287,1.0,1,0,1.0,0.44385026737967914,5553.708467309753
2014-11-05,7493001,1.0,1,0,1.0,0.44385026737967914,5553.708467309753
2014-11-06,7184058,1.0,1,0,1.0,0.44385026737967914,5553.708467309753
2014-11-07,7298281,1.0,1,0,1.0,0.44385026737967914,5553.708467309753
2014-11-08,5629423,0.0,0,0,1.0,0.44385026737967914,5553.708467309753
2014-11-09,177774,0.0,0,0,0.01818181818181818,0.44385026737967914,5553.708467309753
2014-11-10,8095306,1.0,0,0,1.0,0.44385026737967914,5553.708467309753
2014-11-11,7083145,1.0,0,0,1.0,0.44385026737967914,5553.708467309753
2014-11-12,6686356,1.0,0,0,1.0,0.44385026737967914,5553.708467309753
2014-11-13,6750180,1.0,0,0,1.0,0.44385026737967914,5553.708467309753
2014-11-14,7064885,1.0,0,0,1.0,0.44385026737967914,5553.708467309753
2014-11-15,5576429,0.0,0,0,1.0,0.44385026737967914,5553.708467309753
2014-11-16,203453,0.0,0,0,0.017112299465240642,0.44385026737967914,5553.708467309753
2014-11-17,5849735,0.0,0,0,1.0,0.44385026737967914,5553.708467309753
2014-11-18,5367537,0.0,0,0,1.0,0.44385026737967914,5553.708467309753
2014-11-19,4888765,0.0,0,1,0.9197860962566845,0.44385026737967914,5553.708467309753
2014-11-20,5575878,0.0,0,0,0.9989304812834224,0.44385026737967914,5553.708467309753
2014-11-21,5816514,0.0,0,0,1.0,0.44385026737967914,5553.708467309753
2014-11-22,5522528,0.0,0,0,1.0,0.44385026737967914,5553.708467309753
2014-11-23,198298,0.0,0,0,0.017112299465240642,0.44385026737967914,5553.708467309753
2014-11-24,9020315,1.0,0,0,1.0,0.44385026737967914,5553.708467309753
2014-11-25,7868758,1.0,0,0,1.0,0.44385026737967914,5553.708467309753
2014-11-26,7518283,1.0,0,0,1.0,0.44385026737967914,5553.708467309753
2014-11-27,7867510,1.0,0,0,1.0,0.44385026737967914,5553.708467309753
2014-11-28,9172722,1.0,0,0,1.0,0.44385026737967914,5553.708467309753
2014-11-29,7305547,0.0,0,0,1.0,0.44385026737967914,5553.708467309753
2014-11-30,242056,0.0,0,0,0.01818181818181818,0.44385026737967914,5553.708467309753
2014-12-01,10276971,1.0,0,0,1.0,0.44385026737967914,5553.708467309753
2014-12-02,8843822,1.0,0,0,1.0,0.44385026737967914,5553.708467309753
2014-12-03,8258019,1.0,0,0,1.0,0.44385026737967914,5553.708467309753
2014-12-04,8554042,1.0,0,0,1.0,0.44385026737967914,5553.708467309753
2014-12-05,9801856,1.0,0,0,1.0,0.44385026737967914,5553.708467309753
2014-12-06,6479401,0.0,0,0,1.0,0.44385026737967914,5553.708467309753
2014-12-07,196469,0.0,0,0,0.017112299465240642,0.44385026737967914,5553.708467309753
2014-12-08,6560015,0.0,0,0,1.0,0.44385026737967914,5553.708467309753
2014-12-09,6329729,0.0,0,0,1.0,0.44385026737967914,5553.708467309753
2014-12-10,5909802,0.0,0,0,1.0,0.44385026737967914,5553.708467309753
2014-12-11,6156944,0.0,0,0,1.0,0.44385026737967914,5553.708467309753
2014-12-12,6501211,0.0,0,0,1.0,0.44385026737967914,5553.708467309753
2014-12-13,6779226,0.0,0,0,1.0,0.44385026737967914,5553.708467309753
2014-12-14,218670,0.0,0,0,0.017112299465240642,0.44385026737967914,5553.708467309753
2014-12-15,12133381,1.0,0,0,1.0,0.44385026737967914,5553.708467309753
2014-12-16,10621060,1.0,0,0,1.0,0.44385026737967914,5553.708467309753
2014-12-17,9483386,1.0,0,0,1.0,0.44385026737967914,5553.708467309753
2014-12-18,9808212,1.0,0,0,1.0,0.44385026737967914,5553.708467309753
2014-12-19,9518489,1.0,0,0,1.0,0.44385026737967914,5553.708467309753
2014-12-20,7956411,0.0,0,0,1.0,0.44385026737967914,5553.708467309753
2014-12-21,259248,0.0,0,0,0.028877005347593583,0.44385026737967914,5553.708467309753
2014-12-22,11007641,0.0,1,0,1.0,0.44385026737967914,5553.708467309753
2014-12-23,10712124,0.0,1,0,1.0,0.44385026737967914,5553.708467309753
2014-12-24,4612716,0.0,1,0,1.0,0.44385026737967914,5553.708467309753
2014-12-25,155386,0.0,1,1,0.017112299465240642,0.44385026737967914,5553.708467309753
2014-12-26,205238,0.0,1,1,0.020320855614973262,0.44385026737967914,5553.708467309753
2014-12-27,5710292,0.0,1,0,1.0,0.44385026737967914,5553.708467309753
2014-12-28,218071,0.0,1,0,0.02459893048128342,0.44385026737967914,5553.708467309753
2014-12-29,7291426,0.0,1,0,1.0,0.44385026737967914,5553.708467309753
2014-12-30,7665743,0.0,1,0,1.0,0.44385026737967914,5553.708467309753
2014-12-31,3895591,0.0,1,0,1.0,0.44385026737967914,5553.708467309753
2015-01-01,130162,0.0,1,1,0.016143497757847534,0.5121076233183857,5404.901079136691
2015-01-02,7561431,0.0,1,0,1.0,0.5121076233183857,5404.901079136691
2015-01-03,6150311,0.0,1,0,1.0,0.5121076233183857,5404.901079136691
2015-01-04,197193,0.0,1,0,0.019730941704035873,0.5121076233183857,5404.901079136691
2015-01-05,11303805,1.0,1,0,1.0,0.5121076233183857,5404.901079136691
2015-01-06,6791481,1.0,1,1,0.7255605381165919,0.5121076233183857,5404.901079136691
2015-01-07,8621857,1.0,1,0,1.0,0.5121076233183857,5404.901079136691
2015-01-08,7646645,1.0,1,0,1.0,0.5121076233183857,5404.901079136691
2015-01-09,7945387,1.0,1,0,1.0,0.5121076233183857,5404.901079136691
2015-01-10,6277742,0.0,0,0,1.0,0.5121076233183857,5404.901079136691
2015-01-11,183367,0.0,0,0,0.015246636771300448,0.5121076233183857,5404.901079136691
2015-01-12,9840664,1.0,0,0,1.0,0.5121076233183857,5404.901079136691
2015-01-13,8538569,1.0,0,0,1.0,0.5121076233183857,5404.901079136691
2015-01-14,7881690,1.0,0,0,1.0,0.5121076233183857,5404.901079136691
2015-01-15,7774935,1.0,0,0,1.0,0.5121076233183857,5404.901079136691
2015-01-16,8456148,1.0,0,0,1.0,0.5121076233183857,5404.901079136691
2015-01-17,6525692,0.0,0,0,1.0,0.5121076233183857,5404.901079136691
2015-01-18,195778,0.0,0,0,0.015246636771300448,0.5121076233183857,5404.901079136691
2015-01-19,6386391,0.0,0,0,0.9991031390134529,0.5121076233183857,5404.901079136691
2015-01-20,5744162,0.0,0,0,0.9991031390134529,0.5121076233183857,5404.901079136691
2015-01-21,5882045,0.0,0,0,0.9991031390134529,0.5121076233183857,5404.901079136691
2015-01-22,5933913,0.0,0,0,0.9991031390134529,0.5121076233183857,5404.901079136691
2015-01-23,6326166,0.0,0,0,0.9991031390134529,0.5121076233183857,5404.901079136691
2015-01-24,5811369,0.0,0,0,0.9991031390134529,0.5121076233183857,5404.901079136691
2015-01-25,179028,0.0,0,0,0.015246636771300448,0.5121076233183857,5404.901079136691
2015-01-26,9401803,1.0,0,0,0.9991031390134529,0.5121076233183857,5404.901079136691
2015-01-27,8392342,1.0,0,0,0.9991031390134529,0.5121076233183857,5404.901079136691
2015-01-28,7930037,1.0,0,0,0.9991031390134529,0.5121076233183857,5404.901079136691
2015-01-29,8024066,1.0,0,0,0.9991031390134529,0.5121076233183857,5404.901079136691
2015-01-30,9454954,1.0,0,0,0.9991031390134529,0.5121076233183857,5404.901079136691
2015-01-31,7354597,0.0,0,0,0.9991031390134529,0.5121076233183857,5404.901079136691
2015-02-01,225556,0.0,0,0,0.016143497757847534,0.5121076233183857,5404.901079136691
2015-02-02,10291172,1.0,1,0,0.9991031390134529,0.5121076233183857,5404.901079136691
2015-02-03,8904680,1.0,1,0,0.9991031390134529,0.5121076233183857,5404.901079136691
2015-02-04,8136074,1.0,1,0,0.9982062780269059,0.5121076233183857,5404.901079136691
2015-02-05,7973916,1.0,1,0,0.9991031390134529,0.5121076233183857,5404.901079136691
2015-02-06,8439787,1.0,1,0,1.0,0.5121076233183857,5404.901079136691
2015-02-07,6594669,0.0,0,0,1.0,0.5121076233183857,5404.901079136691
2015-02-08,208209,0.0,0,0,0.015246636771300448,0.5121076233183857,5404.901079136691
2015-02-09,6477197,0.0,1,0,1.0,0.5121076233183857,5404.901079136691
2015-02-10,6345089,0.0,1,0,1.0,0.5121076233183857,5404.901079136691
2015-02-11,6393495,0.0,1,0,1.0,0.5121076233183857,5404.901079136691
2015-02-12,6151076,0.0,1,0,0.9991031390134529,0.5121076233183857,5404.901079136691
2015-02-13,7212357,0.0,1,0,1.0,0.5121076233183857,5404.901079136691
2015-02-14,6701361,0.0,0,0,1.0,0.5121076233183857,5404.901079136691
2015-02-15,217257,0.0,0,0,0.016143497757847534,0.5121076233183857,5404.901079136691
2015-02-16,9321996,1.0,1,0,0.9713004484304932,0.5121076233183857,5404.901079136691
2015-02-17,8299474,1.0,1,0,0.9964125560538116,0.5121076233183857,5404.901079136691
2015-02-18,8058390,1.0,1,0,0.9973094170403587,0.5121076233183857,5404.901079136691
2015-02-19,8031173,1.0,1,0,0.9982062780269059,0.5121076233183857,5404.901079136691
2015-02-20,8094451,1.0,1,0,0.9982062780269059,0.5121076233183857,5404.901079136691
2015-02-21,6290922,0.0,0,0,0.9982062780269059,0.5121076233183857,5404.901079136691
2015-02-22,199419,0.0,0,0,0.015246636771300448,0.5121076233183857,5404.901079136691
2015-02-23,5984980,0.0,0,0,0.9982062780269059,0.5121076233183857,5404.901079136691
2015-02-24,6021986,0.0,0,0,0.9982062780269059,0.5121076233183857,5404.901079136691
2015-02-25,6028364,0.0,0,0,0.9982062780269059,0.5121076233183857,5404.901079136691
2015-02-26,6471718,0.0,0,0,0.9982062780269059,0.5121076233183857,5404.901079136691
2015-02-27,7778945,0.0,0,0,0.9982062780269059,0.5121076233183857,5404.901079136691
2015-02-28,7421745,0.0,0,0,0.9982062780269059,0.5121076233183857,5404.901079136691
2015-03-01,228942,0.0,0,0,0.017040358744394617,0.5121076233183857,5404.901079136691
2015-03-02,10933146,1.0,1,0,0.9982062780269059,0.5121076233183857,5404.901079136691
2015-03-03,9234921,1.0,1,0,0.9982062780269059,0.5121076233183857,5404.901079136691
2015-03-04,8421680,1.0,1,0,0.9982062780269059,0.5121076233183857,5404.901079136691
2015-03-05,8263354,1.0,1,0,0.9982062780269059,0.5121076233183857,5404.901079136691
2015-03-06,8504508,1.0,1,0,0.9982062780269059,0.5121076233183857,5404.901079136691
2015-03-07,6565020,0.0,0,0,0.9982062780269059,0.5121076233183857,5404.901079136691
2015-03-08,201341,0.0,0,0,0.017937219730941704,0.5121076233183857,5404.901079136691
2015-03-09,6765029,0.0,1,0,0.9982062780269059,0.5121076233183857,5404.901079136691
2015-03-10,6211021,0.0,1,0,0.9982062780269059,0.5121076233183857,5404.901079136691
2015-03-11,6272025,0.0,1,0,0.9973094170403587,0.5121076233183857,5404.901079136691
2015-03-12,6376255,0.0,1,0,0.9973094170403587,0.5121076233183857,5404.901079136691
2015-03-13,6942094,0.0,1,0,0.9973094170403587,0.5121076233183857,5404.901079136691
2015-03-14,6625997,0.0,0,0,0.9982062780269059,0.5121076233183857,5404.901079136691
2015-03-15,244505,0.0,0,0,0.026905829596412557,0.5121076233183857,5404.901079136691
2015-03-16,10877344,1.0,0,0,0.9982062780269059,0.5121076233183857,5404.901079136691
2015-03-17,8792886,1.0,0,0,0.9982062780269059,0.5121076233183857,5404.901079136691
2015-03-18,7993269,1.0,0,0,0.9973094170403587,0.5121076233183857,5404.901079136691
2015-03-19,8073881,1.0,0,0,0.9982062780269059,0.5121076233183857,5404.901079136691
2015-03-20,8291098,1.0,0,0,0.9991031390134529,0.5121076233183857,5404.901079136691
2015-03-21,6398094,0.0,0,0,0.9982062780269059,0.5121076233183857,5404.901079136691
2015-03-22,235852,0.0,0,0,0.02780269058295964,0.5121076233183857,5404.901079136691
2015-03-23,6788834,0.0,0,0,0.9991031390134529,0.5121076233183857,5404.901079136691
2015-03-24,6226359,0.0,0,0,0.9991031390134529,0.5121076233183857,5404.901079136691
2015-03-25,6073784,0.0,1,0,0.9991031390134529,0.5121076233183857,5404.901079136691
2015-03-26,6362734,0.0,1,0,1.0,0.5121076233183857,5404.901079136691
2015-03-27,7078009,0.0,1,0,1.0,0.5121076233183857,5404.901079136691
2015-03-28,6829093,0.0,1,0,1.0,0.5121076233183857,5404.901079136691
2015-03-29,226242,0.0,1,0,0.028699551569506727,0.5121076233183857,5404.901079136691
2015-03-30,12371453,1.0,1,0,1.0,0.5121076233183857,5404.901079136691
2015-03-31,11222913,1.0,1,0,1.0,0.5121076233183857,5404.901079136691
2015-04-01,11102030,1.0,1,0,1.0,0.5121076233183857,5404.901079136691
2015-04-02,11400447,1.0,1,0,1.0,0.5121076233183857,5404.901079136691
2015-04-03,242473,1.0,1,1,0.015246636771300448,0.5121076233183857,5404.901079136691
2015-04-04,9366558,0.0,1,0,1.0,0.5121076233183857,5404.901079136691
2015-04-05,217211,0.0,1,0,0.028699551569506727,0.5121076233183857,5404.901079136691
2015-04-06,272921,0.0,1,1,0.028699551569506727,0.5121076233183857,5404.901079136691
2015-04-07,7896155,0.0,1,0,1.0,0.5121076233183857,5404.901079136691
2015-04-08,6790649,0.0,1,0,1.0,0.5121076233183857,5404.901079136691
2015-04-09,6560475,0.0,1,0,0.9973094170403587,0.5121076233183857,5404.901079136691
2015-04-10,6669239,0.0,1,0,1.0,0.5121076233183857,5404.901079136691
2015-04-11,6445499,0.0,0,0,1.0,0.5121076233183857,5404.901079136691
2015-04-12,244956,0.0,0,0,0.028699551569506727,0.5121076233183857,5404.901079136691
2015-04-13,11075002,1.0,1,0,1.0,0.5121076233183857,5404.901079136691
2015-04-14,9166055,1.0,1,0,1.0,0.5121076233183857,5404.901079136691
2015-04-15,8002511,1.0,1,0,0.9982062780269059,0.5121076233183857,5404.901079136691
2015-04-16,8396675,1.0,1,0,1.0,0.5121076233183857,5404.901079136691
2015-04-17,8738327,1.0,1,0,1.0,0.5121076233183857,5404.901079136691
2015-04-18,6569186,0.0,0,0,1.0,0.5121076233183857,5404.901079136691
2015-04-19,237342,0.0,0,0,0.028699551569506727,0.5121076233183857,5404.901079136691
2015-04-20,6588863,0.0,0,0,1.0,0.5121076233183857,5404.901079136691
2015-04-21,6039464,0.0,0,0,1.0,0.5121076233183857,5404.901079136691
2015-04-22,6082195,0.0,0,0,1.0,0.5121076233183857,5404.901079136691
2015-04-23,6153519,0.0,0,0,1.0,0.5121076233183857,5404.901079136691
2015-04-24,6367560,0.0,0,0,1.0,0.5121076233183857,5404.901079136691
2015-04-25,6305451,0.0,0,0,1.0,0.5121076233183857,5404.901079136691
2015-04-26,234093,0.0,0,0,0.028699551569506727,0.5121076233183857,5404.901079136691
2015-04-27,10605500,1.0,0,0,1.0,0.5121076233183857,5404.901079136691
2015-04-28,9302980,1.0,0,0,0.9991031390134529,0.5121076233183857,5404.901079136691
2015-04-29,9517703,1.0,0,0,1.0,0.5121076233183857,5404.901079136691
2015-04-30,11327847,1.0,0,0,1.0,0.5121076233183857,5404.901079136691
2015-05-01,264231,1.0,0,1,0.017937219730941704,0.5121076233183857,5404.901079136691
2015-05-02,8764984,0.0,0,0,1.0,0.5121076233183857,5404.901079136691
2015-05-03,249207,0.0,0,0,0.029596412556053813,0.5121076233183857,5404.901079136691
2015-05-04,10995906,1.0,0,0,0.9991031390134529,0.5121076233183857,5404.901079136691
2015-05-05,8778928,1.0,0,0,0.9982062780269059,0.5121076233183857,5404.901079136691
2015-05-06,8633577,1.0,0,0,0.9982062780269059,0.5121076233183857,5404.901079136691
2015-05-07,8550616,1.0,0,0,0.9991031390134529,0.5121076233183857,5404.901079136691
2015-05-08,8665512,1.0,0,0,0.9991031390134529,0.5121076233183857,5404.901079136691
2015-05-09,7157061,0.0,0,0,0.9991031390134529,0.5121076233183857,5404.901079136691
2015-05-10,251720,0.0,0,0,0.028699551569506727,0.5121076233183857,5404.901079136691
2015-05-11,6732629,0.0,1,0,0.9991031390134529,0.5121076233183857,5404.901079136691
2015-05-12,6686277,0.0,1,0,0.9991031390134529,0.5121076233183857,5404.901079136691
2015-05-13,8147927,0.0,1,0,0.9991031390134529,0.5121076233183857,5404.901079136691
2015-05-14,289247,0.0,1,1,0.028699551569506727,0.5121076233183857,5404.901079136691
2015-05-15,8596524,0.0,1,0,1.0,0.5121076233183857,5404.901079136691
2015-05-16,6497847,0.0,0,0,1.0,0.5121076233183857,5404.901079136691
2015-05-17,255680,0.0,0,0,0.028699551569506727,0.5121076233183857,5404.901079136691
2015-05-18,10603240,1.0,1,0,1.0,0.5121076233183857,5404.901079136691
2015-05-19,8925994,1.0,1,0,1.0,0.5121076233183857,5404.901079136691
2015-05-20,8355497,1.0,1,0,1.0,0.5121076233183857,5404.901079136691
2015-05-21,8228411,1.0,1,0,1.0,0.5121076233183857,5404.901079136691
2015-05-22,8352281,1.0,1,0,1.0,0.5121076233183857,5404.901079136691
2015-05-23,6773815,0.0,0,0,1.0,0.5121076233183857,5404.901079136691
2015-05-24,261385,0.0,0,0,0.028699551569506727,0.5121076233183857,5404.901079136691
2015-05-25,299473,0.0,0,1,0.029596412556053813,0.5121076233183857,5404.901079136691
2015-05-26,7776413,0.0,1,0,1.0,0.5121076233183857,5404.901079136691
2015-05-27,6876443,0.0,1,0,1.0,0.5121076233183857,5404.901079136691
2015-05-28,6974793,0.0,1,0,1.0,0.5121076233183857,5404.901079136691
2015-05-29,8372820,0.0,1,0,1.0,0.5121076233183857,5404.901079136691
2015-05-30,7546769,0.0,0,0,1.0,0.5121076233183857,5404.901079136691
2015-05-31,278690,0.0,0,0,0.028699551569506727,0.5121076233183857,5404.901079136691
2015-06-01,11743615,1.0,1,0,1.0,0.5121076233183857,5404.901079136691
2015-06-02,9925193,1.0,1,0,1.0,0.5121076233183857,5404.901079136691
2015-06-03,9731791,1.0,1,0,0.9991031390134529,0.5121076233183857,5404.901079136691
2015-06-04,3534231,1.0,1,1,0.3874439461883408,0.5121076233183857,5404.901079136691
2015-06-05,9724893,1.0,1,0,1.0,0.5121076233183857,5404.901079136691
2015-06-06,6478518,0.0,0,0,1.0,0.5121076233183857,5404.901079136691
2015-06-07,262497,0.0,0,0,0.029596412556053813,0.5121076233183857,5404.901079136691
2015-06-08,7366781,0.0,0,0,1.0,0.5121076233183857,5404.901079136691
2015-06-09,6865990,0.0,0,0,1.0,0.5121076233183857,5404.901079136691
2015-06-10,6524741,0.0,0,0,1.0,0.5121076233183857,5404.901079136691
2015-06-11,6553081,0.0,0,0,1.0,0.5121076233183857,5404.901079136691
2015-06-12,6606431,0.0,0,0,0.9991031390134529,0.5121076233183857,5404.901079136691
2015-06-13,6510261,0.0,0,0,0.9991031390134529,0.5121076233183857,5404.901079136691
2015-06-14,269533,0.0,0,0,0.028699551569506727,0.5121076233183857,5404.901079136691
2015-06-15,11570100,1.0,0,0,0.9991031390134529,0.5121076233183857,5404.901079136691
2015-06-16,9636747,1.0,0,0,0.9991031390134529,0.5121076233183857,5404.901079136691
2015-06-17,8618478,1.0,0,0,0.9991031390134529,0.5121076233183857,5404.901079136691
2015-06-18,8191358,1.0,0,0,0.9991031390134529,0.5121076233183857,5404.901079136691
2015-06-19,8458252,1.0,0,0,0.9991031390134529,0.5121076233183857,5404.901079136691
2015-06-20,6390661,0.0,0,0,0.9991031390134529,0.5121076233183857,5404.901079136691
2015-06-21,249849,0.0,0,0,0.028699551569506727,0.5121076233183857,5404.901079136691
2015-06-22,6552538,0.0,0,0,0.9991031390134529,0.5121076233183857,5404.901079136691
2015-06-23,6292372,0.0,0,0,0.9991031390134529,0.5121076233183857,5404.901079136691
2015-06-24,6257424,0.0,0,0,0.9991031390134529,0.5121076233183857,5404.901079136691
2015-06-25,6211764,0.0,0,0,0.9991031390134529,0.5121076233183857,5404.901079136691
2015-06-26,6634687,0.0,0,0,1.0,0.5121076233183857,5404.901079136691
2015-06-27,6538314,0.0,0,0,1.0,0.5121076233183857,5404.901079136691
2015-06-28,262669,0.0,0,0,0.028699551569506727,0.5121076233183857,5404.901079136691
2015-06-29,11916672,1.0,1,0,1.0,0.5121076233183857,5404.901079136691
2015-06-30,11483932,1.0,1,0,1.0,0.5121076233183857,5404.901079136691
2015-07-01,8989672,1.0,1,0,1.0,0.5121076233183857,5404.901079136691
2015-07-02,8446293,1.0,1,0,0.9991031390134529,0.5121076233183857,5404.901079136691
2015-07-03,8530388,1.0,1,0,0.9991031390134529,0.5121076233183857,5404.901079136691
2015-07-04,6054276,0.0,0,0,0.9991031390134529,0.5121076233183857,5404.901079136691
2015-07-05,269248,0.0,0,0,0.029596412556053813,0.5121076233183857,5404.901079136691
2015-07-06,7540473,0.0,1,0,0.9991031390134529,0.5121076233183857,5404.901079136691
2015-07-07,6393024,0.0,1,0,0.9991031390134529,0.5121076233183857,5404.901079136691
2015-07-08,6915625,0.0,1,0,0.9991031390134529,0.5121076233183857,5404.901079136691
2015-07-09,6938182,0.0,1,0,0.9991031390134529,0.5121076233183857,5404.901079136691
2015-07-10,7064909,0.0,1,0,0.9991031390134529,0.5121076233183857,5404.901079136691
2015-07-11,6262022,0.0,0,0,0.9982062780269059,0.5121076233183857,5404.901079136691
2015-07-12,277047,0.0,0,0,0.028699551569506727,0.5121076233183857,5404.901079136691
2015-07-13,10841267,1.0,1,0,0.9982062780269059,0.5121076233183857,5404.901079136691
2015-07-14,9340405,1.0,1,0,0.9982062780269059,0.5121076233183857,5404.901079136691
2015-07-15,8756137,1.0,1,0,0.9982062780269059,0.5121076233183857,5404.901079136691
2015-07-16,8373873,1.0,1,0,0.9973094170403587,0.5121076233183857,5404.901079136691
2015-07-17,7949337,1.0,1,0,0.9973094170403587,0.5121076233183857,5404.901079136691
2015-07-18,6448982,0.0,0,0,0.9982062780269059,0.5121076233183857,5404.901079136691
2015-07-19,298418,0.0,0,0,0.028699551569506727,0.5121076233183857,5404.901079136691
2015-07-20,7339321,0.0,1,0,0.9982062780269059,0.5121076233183857,5404.901079136691
2015-07-21,6356482,0.0,1,0,0.9982062780269059,0.5121076233183857,5404.901079136691
2015-07-22,6110388,0.0,1,0,0.9982062780269059,0.5121076233183857,5404.901079136691
2015-07-23,6687068,0.0,1,0,0.9982062780269059,0.5121076233183857,5404.901079136691
2015-07-24,6601325,0.0,1,0,0.9982062780269059,0.5121076233183857,5404.901079136691
2015-07-25,6021666,0.0,1,0,0.9982062780269059,0.5121076233183857,5404.901079136691
2015-07-26,285865,0.0,1,0,0.028699551569506727,0.5121076233183857,5404.901079136691
2015-07-27,10707292,1.0,1,0,0.9982062780269059,0.5121076233183857,5404.901079136691
2015-07-28,9115073,1.0,1,0,0.9982062780269059,0.5121076233183857,5404.901079136691
2015-07-29,8499962,1.0,1,0,0.9982062780269059,0.5121076233183857,5404.901079136691
2015-07-30,8798854,1.0,1,0,0.9982062780269059,0.5121076233183857,5404.901079136691
2015-07-31,10109742,1.0,1,0,0.9982062780269059,0.5121076233183857,5404.901079136691
