Date,Sales,Year,Month,DayOfWeek,WeekOfYear,Media_movil_7,Media_movil_30
2013-01-01,97235,2013,1,2,1,,
2013-01-02,6949829,2013,1,3,1,,
2013-01-03,6347820,2013,1,4,1,,
2013-01-04,6638954,2013,1,5,1,,
2013-01-05,5951593,2013,1,6,1,,
2013-01-06,143904,2013,1,7,1,,
2013-01-07,10826848,2013,1,1,2,5279454.714285715,
2013-01-08,8749437,2013,1,2,2,6515483.571428572,
2013-01-09,7746603,2013,1,3,2,6629308.428571428,
2013-01-10,7751485,2013,1,4,2,6829832.0,
2013-01-11,8039306,2013,1,5,2,7029882.285714285,
2013-01-12,6017491,2013,1,6,2,7039296.285714285,
2013-01-13,144052,2013,1,7,2,7039317.428571428,
2013-01-14,5886788,2013,1,1,3,6333594.571428572,
2013-01-15,5512591,2013,1,2,3,5871188.0,
2013-01-16,5293020,2013,1,3,3,5520676.142857143,
2013-01-17,5386564,2013,1,4,3,5182830.285714285,
2013-01-18,6137010,2013,1,5,3,4911073.714285715,
2013-01-19,6010192,2013,1,6,3,4910031.0,
2013-01-20,151600,2013,1,7,3,4911109.285714285,
2013-01-21,8761074,2013,1,1,4,5321721.571428572,
2013-01-22,8320289,2013,1,2,4,5722821.285714285,
2013-01-23,7746563,2013,1,3,4,6073327.428571428,
2013-01-24,7439836,2013,1,4,4,6366652.0,
2013-01-25,7780789,2013,1,5,4,6601477.571428572,
2013-01-26,5848770,2013,1,6,4,6578417.285714285,
2013-01-27,142848,2013,1,7,4,6577167.0,
2013-01-28,5878702,2013,1,1,5,6165399.571428572,
2013-01-29,5452668,2013,1,2,5,5755739.428571428,
2013-01-30,5909779,2013,1,3,5,5493341.714285715,5768788.0
2013-01-31,7068567,2013,1,4,5,5440303.285714285,6001165.733333333
2013-02-01,7203007,2013,2,5,5,5357763.0,6009605.0
2013-02-02,6781741,2013,2,6,5,5491044.571428572,6024069.033333333
2013-02-03,171565,2013,2,7,5,5495147.0,5808489.4
2013-02-04,10333651,2013,2,1,6,6131568.285714285,5954558.0
2013-02-05,8841604,2013,2,2,6,6615702.0,6244481.333333333
2013-02-06,8094803,2013,2,3,6,6927848.285714285,6153413.166666667
2013-02-07,7430076,2013,2,4,6,6979492.428571428,6109434.466666667
2013-02-08,7968566,2013,2,5,6,7088858.0,6116833.233333333
2013-02-09,6161019,2013,2,6,6,7000183.428571428,6063817.7
2013-02-10,172564,2013,2,7,6,7000326.142857143,5801592.966666667
2013-02-11,5517060,2013,2,1,7,6312241.714285715,5784911.933333334
2013-02-12,5563503,2013,2,2,7,5843941.571428572,5965560.3
2013-02-13,6175147,2013,2,3,7,5569705.0,5975172.266666667
2013-02-14,6422292,2013,2,4,7,5425735.857142857,6005495.633333334
2013-02-15,6255053,2013,2,5,7,5180948.285714285,6037563.4
2013-02-16,6162142,2013,2,6,7,5181108.714285715,6063416.0
2013-02-17,174467,2013,2,7,7,5181380.571428572,5864664.566666666
2013-02-18,10703641,2013,2,1,8,5922320.714285715,6021112.866666666
2013-02-19,7988672,2013,2,2,8,6268773.428571428,6282348.6
2013-02-20,7759768,2013,2,3,8,6495147.857142857,6248971.733333333
2013-02-21,7611880,2013,2,4,8,6665089.0,6225358.1
2013-02-22,7840974,2013,2,5,8,6891649.142857143,6228505.133333334
2013-02-23,5637945,2013,2,6,8,6816763.857142857,6168442.1
2013-02-24,159057,2013,2,7,8,6814562.428571428,5914384.366666666
2013-02-25,5615365,2013,2,1,9,6087665.857142857,5906604.2
2013-02-26,5671238,2013,2,2,9,5756603.857142857,6090883.866666666
2013-02-27,6008503,2013,2,3,9,5506423.142857143,6095210.566666666
2013-02-28,7108972,2013,2,4,9,5434579.142857143,6150420.7
2013-03-01,7244231,2013,3,5,9,5349330.142857143,6194902.433333334
2013-03-02,6779350,2013,3,6,9,5512388.0,6185261.866666666
2013-03-03,195229,2013,3,7,9,5517555.428571428,5951669.266666667
2013-03-04,11072682,2013,3,1,10,6297172.142857143,6094700.633333334
2013-03-05,8943536,2013,3,2,10,6764643.285714285,6387099.666666667
2013-03-06,8062941,2013,3,3,10,7058134.428571428,6311409.333333333
2013-03-07,7981811,2013,3,4,10,7182825.714285715,6282749.566666666
2013-03-08,8118153,2013,3,5,10,7307671.714285715,6283527.9
2013-03-09,6061383,2013,3,6,10,7205105.0,6237904.8
2013-03-10,164917,2013,3,7,10,7200774.714285715,5977783.166666667
2013-03-11,6194538,2013,3,1,11,6503897.0,5978900.466666667
2013-03-12,5338418,2013,3,2,11,5988880.142857143,6151095.6
2013-03-13,5830737,2013,3,3,11,5669993.857142857,6161551.5
2013-03-14,6098093,2013,3,4,11,5400891.285714285,6179371.166666667
2013-03-15,6783348,2013,3,5,11,5210204.857142857,6199644.533333333
2013-03-16,6459058,2013,3,6,11,5267015.571428572,6200870.066666666
2013-03-17,193072,2013,3,7,11,5271037.714285715,5998804.033333333
2013-03-18,10078195,2013,3,1,12,5825845.857142857,6129339.133333334
2013-03-19,8528292,2013,3,2,12,6281542.142857143,6407799.966666667
2013-03-20,7728892,2013,3,3,12,6552707.142857143,6308641.666666667
2013-03-21,7897067,2013,3,4,12,6809703.428571428,6305588.166666667
2013-03-22,8245992,2013,3,5,12,7018652.571428572,6321795.633333334
2013-03-23,6337911,2013,3,6,12,7001345.857142857,6279330.0
2013-03-24,191036,2013,3,7,12,7001055.0,6024332.066666666
2013-03-25,10482556,2013,3,1,13,7058820.857142857,6185819.1
2013-03-26,9305505,2013,3,2,13,7169851.285714285,6490700.7
2013-03-27,9674698,2013,3,3,13,7447823.571428572,6626011.8
2013-03-28,11417987,2013,3,4,13,7950812.142857143,6817570.1
2013-03-29,213921,2013,3,5,13,6803373.428571428,6624417.366666666
2013-03-30,9380402,2013,3,6,13,7238015.0,6700131.7
2013-03-31,176418,2013,3,7,13,7235926.714285715,6464537.933333334
2013-04-01,241076,2013,4,1,14,5772858.142857143,6246595.466666667
2013-04-02,7362049,2013,4,2,14,5495221.571428572,6485489.466666667
2013-04-03,6406442,2013,4,3,14,5028327.857142857,6329948.133333334
2013-04-04,6496112,2013,4,4,14,4325202.857142857,6248367.333333333
2013-04-05,6622062,2013,4,5,14,5240651.571428572,6200338.033333333
2013-04-06,6171054,2013,4,6,14,4782173.285714285,6139979.466666667
2013-04-07,189097,2013,4,7,14,4783984.571428572,5875677.6
2013-04-08,10115602,2013,4,1,15,6194631.142857143,6010818.233333333
2013-04-09,8418477,2013,4,2,15,6345549.428571428,6285936.9
2013-04-10,7698779,2013,4,3,15,6530169.0,6336078.266666667
2013-04-11,7580421,2013,4,4,15,6685070.285714285,6410811.7
2013-04-12,8056347,2013,4,5,15,6889968.142857143,6484998.7
2013-04-13,6024315,2013,4,6,15,6869005.428571428,6482539.433333334
2013-04-14,182641,2013,4,7,15,6868083.142857143,6262515.866666666
2013-04-15,5711125,2013,4,1,16,6238872.142857143,6237584.766666667
2013-04-16,5668517,2013,4,2,16,5846020.714285715,6420099.6
2013-04-17,5556697,2013,4,3,16,5540009.0,6269383.0
2013-04-18,5726233,2013,4,4,16,5275125.0,6175981.033333333
2013-04-19,6349901,2013,4,5,16,5031347.0,6130014.666666667
2013-04-20,6006147,2013,4,6,16,5028751.571428572,6066984.0
2013-04-21,188406,2013,4,7,16,5029575.142857143,5798397.8
2013-04-22,9542000,2013,4,1,17,5576843.0,5905200.766666667
2013-04-23,8047511,2013,4,2,17,5916699.285714285,6167083.266666667
2013-04-24,7177730,2013,4,3,17,6148275.428571428,6056922.4
2013-04-25,7121467,2013,4,4,17,6347594.571428572,5984121.133333334
2013-04-26,7652433,2013,4,5,17,6533670.571428572,5916712.3
2013-04-27,6308284,2013,4,6,17,6576833.0,5746388.866666666
2013-04-28,205232,2013,4,7,17,6579236.714285715,5746099.233333333
2013-04-29,10040182,2013,4,1,18,6650405.571428572,5768091.9
2013-04-30,10565093,2013,4,2,18,7010060.142857143,6114381.066666666
2013-05-01,200972,2013,5,3,18,6013380.428571428,6113044.266666667
2013-05-02,9884371,2013,5,4,18,6408081.0,6197121.666666667
2013-05-03,8967338,2013,5,5,18,6595924.571428572,6282484.866666666
2013-05-04,6487719,2013,5,6,18,6621558.142857143,6282205.1
2013-05-05,200337,2013,5,7,18,6620858.857142857,6068147.6
2013-05-06,6884920,2013,5,1,19,6170107.142857143,6091943.133333334
2013-05-07,6697752,2013,5,2,19,5617629.857142857,6308898.3
2013-05-08,7693180,2013,5,3,19,6687945.285714285,6228150.9
2013-05-09,233215,2013,5,4,19,5309208.714285715,5955308.833333333
2013-05-10,8481406,2013,5,5,19,5239789.857142857,5981396.4
2013-05-11,6658662,2013,5,6,19,5264210.285714285,5950671.1
2013-05-12,215592,2013,5,7,19,5266389.571428572,5689312.6
2013-05-13,9826496,2013,5,1,20,5686614.714285715,5816051.966666667
2013-05-14,8662237,2013,5,2,20,5967255.428571428,6098705.166666667
2013-05-15,7767784,2013,5,3,20,5977913.142857143,6167260.466666667
2013-05-16,7884887,2013,5,4,20,7071009.142857143,6241139.466666667
2013-05-17,8225841,2013,5,5,20,7034499.857142857,6330110.933333334
2013-05-18,6410461,2013,5,6,20,6999042.571428572,6352918.533333333
2013-05-19,226808,2013,5,7,20,7000644.857142857,6148815.433333334
2013-05-20,253936,2013,5,1,21,5633136.285714285,5957075.066666666
2013-05-21,7204456,2013,5,2,21,5424881.857142857,6190943.4
2013-05-22,6085235,2013,5,3,21,5184517.714285715,6075717.9
2013-05-23,6209485,2013,5,4,21,4945174.571428572,6014450.366666666
2013-05-24,6483138,2013,5,5,21,4696217.0,5991297.3
2013-05-25,5806559,2013,5,6,21,4609945.285714285,5947467.033333333
2013-05-26,201681,2013,5,7,21,4606355.714285715,5699108.633333334
2013-05-27,9944524,2013,5,1,22,5990725.428571428,5820316.633333334
2013-05-28,8390312,2013,5,2,22,6160133.428571428,6093152.633333334
2013-05-29,8885059,2013,5,3,22,6560108.285714285,6054648.533333333
2013-05-30,3422824,2013,5,4,22,6162013.857142857,5816572.9
2013-05-31,10913876,2013,5,5,22,6794976.428571428,6173669.7
2013-06-01,6907750,2013,6,6,22,6952289.428571428,6074449.0
2013-06-02,238144,2013,6,7,22,6957498.428571428,5783475.866666666
2013-06-03,10144989,2013,6,1,23,6986136.285714285,5905384.866666666
2013-06-04,8526834,2013,6,2,23,7005639.428571428,6182934.766666667
2013-06-05,7683188,2013,6,3,23,6833943.571428572,6209543.7
2013-06-06,7646668,2013,6,4,23,7437349.857142857,6241174.233333333
2013-06-07,7967656,2013,6,5,23,7016461.285714285,6250323.433333334
2013-06-08,5993792,2013,6,6,23,6885895.857142857,6442342.666666667
2013-06-09,226250,2013,6,7,23,6884196.714285715,6167170.8
2013-06-10,6667460,2013,6,1,24,6387406.857142857,6167464.066666666
2013-06-11,6201425,2013,6,2,24,6055205.571428572,6366991.833333333
2013-06-12,5961024,2013,6,3,24,5809182.142857143,6238142.766666667
2013-06-13,6044207,2013,6,4,24,5580259.142857143,6150875.1
2013-06-14,6887448,2013,6,5,24,5425943.714285715,6121530.566666666
2013-06-15,6144832,2013,6,6,24,5447520.857142857,6063528.733333333
2013-06-16,225065,2013,6,7,24,5447351.571428572,5796836.2
2013-06-17,10191372,2013,6,1,25,5950767.571428572,5922866.566666666
2013-06-18,8100286,2013,6,2,25,6222033.428571428,6185315.833333333
2013-06-19,7243757,2013,6,3,25,6405281.0,6418309.866666666
2013-06-20,7353311,2013,6,4,25,6592295.857142857,6423271.7
2013-06-21,8406280,2013,6,5,25,6809271.857142857,6500639.866666666
2013-06-22,6189413,2013,6,6,25,6815640.571428572,6499970.8
2013-06-23,224608,2013,6,7,25,6815575.285714285,6291353.133333334
2013-06-24,6511212,2013,6,1,26,6289838.142857143,6314841.566666666
2013-06-25,5827831,2013,6,2,26,5965201.714285715,6502379.9
2013-06-26,6028195,2013,6,3,26,5791550.0,6371835.6
2013-06-27,6372971,2013,6,4,26,5651501.428571428,6304590.9
2013-06-28,7625077,2013,6,5,26,5539901.0,6262591.5
2013-06-29,6909121,2013,6,6,26,5642716.428571428,6378801.4
2013-06-30,252185,2013,6,7,26,5646656.0,6023411.7
2013-07-01,10750990,2013,7,1,27,6252338.571428572,6151519.7
2013-07-02,8936605,2013,7,2,27,6696449.142857143,6441468.4
2013-07-03,8416942,2013,7,3,27,7037698.714285715,6383866.833333333
2013-07-04,8458325,2013,7,4,27,7335606.428571428,6381583.2
2013-07-05,8384512,2013,7,5,27,7444097.142857143,6404960.666666667
2013-07-06,5927036,2013,7,6,27,7303799.285714285,6347639.6
2013-07-07,234369,2013,7,7,27,7301254.142857143,6089863.366666666
2013-07-08,6652999,2013,7,1,28,6715826.857142857,6111836.933333334
2013-07-09,6157174,2013,7,2,28,6318765.285714285,6309534.4
2013-07-10,6248496,2013,7,3,28,6008987.285714285,6295568.933333334
2013-07-11,6483182,2013,7,4,28,5726824.0,6304960.833333333
2013-07-12,6699439,2013,7,5,28,5486099.285714285,6329574.666666667
2013-07-13,5987351,2013,7,6,28,5494715.714285715,6327679.466666667
2013-07-14,253582,2013,7,7,28,5497460.428571428,6106550.6
2013-07-15,11484803,2013,7,1,29,6187718.142857143,6284549.633333334
2013-07-16,9157994,2013,7,2,29,6616406.714285715,6582313.933333334
2013-07-17,8269168,2013,7,3,29,6905074.142857143,6518240.466666667
2013-07-18,8092686,2013,7,4,29,7135003.285714285,6517987.133333334
2013-07-19,8376476,2013,7,5,29,7374580.0,6555744.433333334
2013-07-20,5941848,2013,7,6,29,7368079.571428572,6508695.666666667
2013-07-21,235211,2013,7,7,29,7365455.142857143,6236326.7
2013-07-22,6285621,2013,7,1,30,6622714.857142857,6239533.633333334
2013-07-23,5767497,2013,7,2,30,6138358.142857143,6424296.6
2013-07-24,5966755,2013,7,3,30,5809442.0,6406148.033333333
2013-07-25,6065761,2013,7,4,30,5519881.285714285,6414079.033333333
2013-07-26,6270667,2013,7,5,30,5219051.428571428,6422161.433333334
2013-07-27,5448670,2013,7,6,30,5148597.428571428,6391351.4
2013-07-28,232442,2013,7,7,30,5148201.857142857,6144930.233333333
2013-07-29,11299276,2013,7,1,31,5864438.285714285,6291268.733333333
2013-07-30,10064515,2013,7,2,31,6478298.0,6618346.4
2013-07-31,10293490,2013,7,3,31,7096403.0,6603096.4
2013-08-01,8783485,2013,8,4,31,7484649.285714285,6597992.4
2013-08-02,8085626,2013,8,5,31,7743929.142857143,6586948.533333333
2013-08-03,6320830,2013,8,6,31,7868523.428571428,6515698.7
2013-08-04,252848,2013,8,7,31,7871438.571428572,6244643.233333333
2013-08-05,7169893,2013,8,1,32,7281526.714285715,6286071.8
2013-08-06,6366382,2013,8,2,32,6753222.0,6490472.233333333
2013-08-07,6414477,2013,8,3,32,6199077.285714285,6482521.5
2013-08-08,6430437,2013,8,4,32,5862927.571428572,6491630.266666667
2013-08-09,6589299,2013,8,5,32,5649166.571428572,6502990.366666666
2013-08-10,5881545,2013,8,6,32,5586411.571428572,6482935.8
2013-08-11,243358,2013,8,7,32,5585055.857142857,6267733.1
2013-08-12,11137198,2013,8,1,33,6151813.714285715,6439394.666666667
2013-08-13,9179490,2013,8,2,33,6553686.285714285,6736924.933333334
2013-08-14,8509505,2013,8,3,33,6852976.0,6637748.333333333
2013-08-15,7029537,2013,8,4,33,6938561.714285715,6566799.766666667
2013-08-16,8137427,2013,8,5,33,7159722.857142857,6562408.4
2013-08-17,5584570,2013,8,6,33,7117297.857142857,6478804.533333333
2013-08-18,241793,2013,8,7,33,7117074.285714285,6207648.433333334
2013-08-19,6391105,2013,8,1,34,6439061.0,6222623.666666667
2013-08-20,5989832,2013,8,2,34,5983395.571428572,6414444.366666666
2013-08-21,5696932,2013,8,3,34,5581599.428571428,6394821.4
2013-08-22,5759988,2013,8,4,34,5400235.285714285,6394571.1
2013-08-23,6035936,2013,8,5,34,5100022.285714285,6396877.133333334
2013-08-24,5397910,2013,8,6,34,5073356.571428572,6374615.433333334
2013-08-25,225182,2013,8,7,34,5070983.571428572,6173099.266666667
2013-08-26,10302422,2013,8,1,35,5629743.142857143,6334891.0
2013-08-27,8397061,2013,8,2,35,5973633.0,6607044.966666667
2013-08-28,7838558,2013,8,3,35,6279579.571428572,6491687.7
2013-08-29,7970501,2013,8,4,35,6595367.142857143,6421887.233333333
2013-08-30,9221577,2013,8,5,35,7050458.714285715,6386156.8
2013-08-31,6458023,2013,8,6,35,7201903.428571428,6308641.4
2013-09-01,250990,2013,9,7,35,7205590.285714285,6047486.866666666
2013-09-02,6834913,2013,9,1,36,6710231.857142857,6064622.966666667
2013-09-03,6322579,2013,9,2,36,6413877.285714285,6266947.333333333
2013-09-04,5985810,2013,9,3,36,6149199.0,6227477.9
2013-09-05,5843845,2013,9,4,36,5845391.0,6210060.0
2013-09-06,6121373,2013,9,5,36,5402504.714285715,6200289.866666666
2013-09-07,5795003,2013,9,6,36,5307787.571428572,6179108.733333333
2013-09-08,225500,2013,9,7,36,5304146.142857143,5966982.1
2013-09-09,11058017,2013,9,1,37,5907446.714285715,6139531.166666667
2013-09-10,8946722,2013,9,2,37,6282324.285714285,6429643.3
2013-09-11,8285894,2013,9,3,37,6610907.714285715,6334599.833333333
2013-09-12,8096007,2013,9,4,37,6932645.142857143,6298483.733333333
2013-09-13,8371696,2013,9,5,37,7254119.857142857,6293890.1
2013-09-14,5894325,2013,9,6,37,7268308.714285715,6256049.7
2013-09-15,224076,2013,9,7,37,7268105.285714285,5992271.333333333
2013-09-16,6130906,2013,9,1,38,6564232.285714285,6010482.533333333
2013-09-17,5785061,2013,9,2,38,6112566.428571428,6195258.133333334
2013-09-18,5438193,2013,9,3,38,5705752.0,6163494.4
2013-09-19,5797033,2013,9,4,38,5377327.142857143,6157067.766666667
2013-09-20,6042768,2013,9,5,38,5044623.142857143,6168595.633333334
2013-09-21,5745122,2013,9,6,38,5023308.428571428,6168100.1
2013-09-22,204164,2013,9,7,38,5020463.857142857,5973707.7
2013-09-23,9449348,2013,9,1,39,5494527.0,6108755.633333334
2013-09-24,7922441,2013,9,2,39,5799867.0,6365330.933333334
2013-09-25,7390563,2013,9,3,39,6078777.0,6268268.966666667
2013-09-26,7489318,2013,9,4,39,6320532.0,6238010.866666666
2013-09-27,8267396,2013,9,5,39,6638336.0,6252305.466666667
2013-09-28,6245049,2013,9,6,39,6709754.142857143,6194790.4
2013-09-29,228875,2013,9,7,39,6713284.285714285,5895033.666666667
2013-09-30,7660976,2013,9,1,40,6457802.571428572,5935132.1
2013-10-01,6677200,2013,10,2,40,6279911.0,6149339.1
2013-10-02,7168893,2013,10,3,40,6248243.857142857,6160471.766666667
2013-10-03,285518,2013,10,4,40,5219129.571428572,5959236.4
2013-10-04,8196635,2013,10,5,40,5209020.857142857,6032930.566666666
2013-10-05,6142021,2013,10,6,40,5194302.571428572,6042869.766666667
2013-10-06,217293,2013,10,7,40,5192648.0,5846067.1
2013-10-07,11062400,2013,10,1,41,5678565.714285715,6021647.0
2013-10-08,8949093,2013,10,2,41,6003121.857142857,6312433.433333334
2013-10-09,8089729,2013,10,3,41,6134669.857142857,6213490.5
2013-10-10,7809827,2013,10,4,41,7209571.142857143,6175594.0
2013-10-11,8141538,2013,10,5,41,7201700.142857143,6170782.133333334
2013-10-12,6203651,2013,10,6,41,7210504.428571428,6107703.6
2013-10-13,227064,2013,10,7,41,7211900.285714285,5836215.866666666
2013-10-14,6571405,2013,10,1,42,6570329.571428572,5858785.2
2013-10-15,5864402,2013,10,2,42,6129659.428571428,6046796.066666666
2013-10-16,5933839,2013,10,3,42,5821675.142857143,6040227.166666667
2013-10-17,5861163,2013,10,4,42,5543294.571428572,6042763.9
2013-10-18,6319569,2013,10,5,42,5283013.285714285,6072143.1
2013-10-19,5868927,2013,10,6,42,5235195.571428572,6074539.566666666
2013-10-20,208367,2013,10,7,42,5232524.571428572,5880059.533333333
2013-10-21,9833873,2013,10,1,43,5698591.428571428,6016351.233333333
2013-10-22,7927560,2013,10,2,43,5993328.285714285,6273797.766666667
2013-10-23,7416700,2013,10,3,43,6205165.571428572,6206042.833333333
2013-10-24,7378657,2013,10,4,43,6421950.428571428,6187916.7
2013-10-25,7589058,2013,10,5,43,6603306.0,6194533.2
2013-10-26,5744750,2013,10,6,43,6585566.428571428,6136380.933333334
2013-10-27,218159,2013,10,7,43,6586965.285714285,5868073.033333333
2013-10-28,5831815,2013,10,1,44,6015242.714285715,5854298.566666666
2013-10-29,6145546,2013,10,2,44,5760669.285714285,6051520.933333334
2013-10-30,6970004,2013,10,3,44,5696855.571428572,6028488.533333333
2013-10-31,6807674,2013,10,4,44,5615286.571428572,6032837.666666667
2013-11-01,3940492,2013,11,5,44,5094062.857142857,5925224.3
2013-11-02,7410509,2013,11,6,44,5332028.428571428,6162724.0
2013-11-03,175864,2013,11,7,44,5325986.285714285,5895364.966666667
2013-11-04,10568398,2013,11,1,45,6002641.0,6042910.866666666
2013-11-05,9306571,2013,11,2,45,6454216.0,6345886.8
2013-11-06,8224747,2013,11,3,45,6633465.0,6251298.366666666
2013-11-07,7951819,2013,11,4,45,6796914.285714285,6218055.9
2013-11-08,8443830,2013,11,5,45,7440248.285714285,6229859.266666667
2013-11-09,6566741,2013,11,6,45,7319710.0,6188423.066666666
2013-11-10,187852,2013,11,7,45,7321422.571428572,5923300.2
2013-11-11,6423778,2013,11,1,46,6729334.0,5930637.766666667
2013-11-12,6003149,2013,11,2,46,6257416.571428572,6123173.933333334
2013-11-13,6028677,2013,11,3,46,5943692.285714285,6105083.0
2013-11-14,6140303,2013,11,4,46,5684904.285714285,6114279.7
2013-11-15,6741987,2013,11,5,46,5441783.857142857,6141217.966666667
2013-11-16,6605960,2013,11,6,46,5447386.571428572,6166044.533333333
2013-11-17,194615,2013,11,7,46,5448352.714285715,5961879.4
2013-11-18,10528615,2013,11,1,47,6034758.0,6117202.333333333
2013-11-19,8895888,2013,11,2,47,6448006.428571428,6406786.366666666
2013-11-20,7472513,2013,11,3,47,6654268.714285715,6328074.366666666
2013-11-21,8084449,2013,11,4,47,6932003.857142857,6333304.0
2013-11-22,8199106,2013,11,5,47,7140163.714285715,6359384.2
2013-11-23,6593077,2013,11,6,47,7138323.285714285,6333198.2
2013-11-24,198110,2013,11,7,47,7138822.571428572,6086833.266666667
2013-11-25,7204808,2013,11,1,48,6663993.0,6135501.866666666
2013-11-26,6673704,2013,11,2,48,6346538.142857143,6350686.7
2013-11-27,6725418,2013,11,3,48,6239810.285714285,6380473.466666667
2013-11-28,7262197,2013,11,4,48,6122345.714285715,6417695.166666667
2013-11-29,8803269,2013,11,5,48,6208654.714285715,6478804.0
2013-11-30,8614478,2013,11,6,48,6497426.285714285,6539030.8
2013-12-01,220033,2013,12,7,48,6500558.142857143,6415015.5
2013-12-02,12972440,2013,12,1,49,7324505.571428572,6600413.2
2013-12-03,10915444,2013,12,2,49,7930468.428571428,6958399.2
2013-12-04,10203870,2013,12,3,49,8427390.142857144,6946248.266666667
2013-12-05,10296749,2013,12,4,49,8860897.57142857,6979254.2
2013-12-06,8431475,2013,12,5,49,8807784.142857144,6986145.133333334
2013-12-07,7231141,2013,12,6,49,8610164.57142857,6962122.533333333
2013-12-08,190125,2013,12,7,49,8605892.0,6686999.033333333
2013-12-09,7607576,2013,12,1,50,7839482.857142857,6721693.533333333
2013-12-10,7458243,2013,12,2,50,7345597.0,6964039.9
2013-12-11,7364610,2013,12,3,50,6939988.428571428,6995400.966666667
2013-12-12,7520198,2013,12,4,50,6543338.285714285,7045969.266666667
2013-12-13,8012317,2013,12,5,50,6483458.571428572,7112090.6
2013-12-14,7938245,2013,12,6,50,6584473.428571428,7172022.0
2013-12-15,214032,2013,12,7,50,6587888.714285715,6954423.5
2013-12-16,15623548,2013,12,1,51,7733027.571428572,7255009.766666667
2013-12-17,13053993,2013,12,2,51,8532420.42857143,7683655.7
2013-12-18,12189674,2013,12,3,51,9221715.285714285,7739024.333333333
2013-12-19,11740273,2013,12,4,51,9824583.142857144,7833837.166666667
2013-12-20,12334496,2013,12,5,51,10442037.285714285,7995903.266666667
2013-12-21,10165366,2013,12,6,51,10760197.42857143,8065267.166666667
2013-12-22,263979,2013,12,7,51,10767332.714285715,7800762.933333334
2013-12-23,14350056,2013,12,1,52,10585405.285714285,8059328.9
2013-12-24,5232808,2013,12,2,52,9468093.142857144,8227152.166666667
2013-12-25,142585,2013,12,3,52,7747080.428571428,7991744.733333333
2013-12-26,188597,2013,12,4,52,6096841.0,7775574.5
2013-12-27,8168568,2013,12,5,52,5501708.428571428,7823679.5
2013-12-28,6726568,2013,12,6,52,5010451.571428572,7805825.2
2013-12-29,226553,2013,12,7,52,5005105.0,7519934.666666667
2013-12-30,10192135,2013,12,1,1,4411116.285714285,7572523.233333333
2013-12-31,4534864,2013,12,2,1,4311410.0,7716350.933333334
2014-01-01,118108,2014,1,3,1,4307913.285714285,7287873.2
2014-01-02,6980556,2014,1,4,1,5278193.142857143,7156710.266666667
2014-01-03,7024253,2014,1,5,1,5114719.571428572,7050723.033333333
2014-01-04,6357259,2014,1,6,1,5061961.142857143,6919406.7
2014-01-05,184905,2014,1,7,1,5056011.428571428,6644521.033333333
2014-01-06,8661727,2014,1,1,2,4837381.714285715,6692207.233333333
2014-01-07,10456932,2014,1,2,2,5683391.428571428,7034434.133333334
2014-01-08,8643239,2014,1,3,2,6901267.285714285,7068956.233333333
2014-01-09,8016642,2014,1,4,2,7049279.571428572,7087569.533333333
2014-01-10,8548672,2014,1,5,2,7267053.714285715,7127038.266666667
2014-01-11,6231179,2014,1,6,2,7249042.285714285,7084070.966666667
2014-01-12,175744,2014,1,7,2,7247733.571428572,6822851.866666666
2014-01-13,6089929,2014,1,1,3,6880333.857142857,6761241.333333333
2014-01-14,5785842,2014,1,2,3,6213035.285714285,6946968.333333333
2014-01-15,5779426,2014,1,3,3,5803919.142857143,6618830.933333334
2014-01-16,5720266,2014,1,4,3,5475865.428571428,6374373.366666666
2014-01-17,6332625,2014,1,5,3,5159287.285714285,6179138.4
2014-01-18,6213031,2014,1,6,3,5156694.714285715,5994897.0
2014-01-19,175778,2014,1,7,3,5156699.571428572,5589606.4
2014-01-20,10648819,2014,1,1,4,5807969.571428572,5605721.5
2014-01-21,8475207,2014,1,2,4,6192164.571428572,5879429.1
2014-01-22,7970289,2014,1,3,4,6505145.0,5666770.2
2014-01-23,7625568,2014,1,4,4,6777331.0,5746528.866666666
2014-01-24,7851977,2014,1,5,4,6994381.285714285,6003508.6
2014-01-25,5986034,2014,1,6,4,6961953.142857143,6196756.5
2014-01-26,160153,2014,1,7,4,6959721.0,5929809.333333333
2014-01-27,5689615,2014,1,1,5,6251263.285714285,5895244.233333333
2014-01-28,5790602,2014,1,2,5,5867748.285714285,6080712.533333333
2014-01-29,5809489,2014,1,3,5,5559062.571428572,5934624.333333333
2014-01-30,6313068,2014,1,4,5,5371562.571428572,5993897.8
2014-01-31,7935853,2014,1,5,5,5383544.857142857,6254489.3
2014-02-01,6934170,2014,2,6,5,5518992.857142857,6252943.1
2014-02-02,214940,2014,2,7,5,5526819.571428572,6025966.0
2014-02-03,11757740,2014,2,1,6,6393694.571428572,6205982.033333333
2014-02-04,9651472,2014,2,2,6,6945247.428571428,6521534.266666667
2014-02-05,8456987,2014,2,3,6,7323461.428571428,6514709.6
2014-02-06,8226263,2014,2,4,6,7596775.0,6440353.966666667
2014-02-07,8075318,2014,2,5,6,7616698.571428572,6421423.266666667
2014-02-08,6387706,2014,2,6,6,7538632.285714285,6367125.4
2014-02-09,190226,2014,2,7,6,7535101.714285715,6088510.533333333
2014-02-10,6451410,2014,2,1,7,6777054.571428572,6095851.566666666
2014-02-11,6056843,2014,2,2,7,6263536.142857143,6291888.2
2014-02-12,6046448,2014,2,3,7,5919173.428571428,6290438.833333333
2014-02-13,6180416,2014,2,4,7,5626909.571428572,6303591.3
2014-02-14,7086640,2014,2,5,7,5485669.857142857,6347165.1
2014-02-15,6293698,2014,2,6,7,5472240.142857143,6366279.5
2014-02-16,190158,2014,2,7,7,5472230.428571428,6161530.6
2014-02-17,10675316,2014,2,1,8,6075645.571428572,6310273.433333334
2014-02-18,8708285,2014,2,2,8,6454423.0,6594690.333333333
2014-02-19,7855918,2014,2,3,8,6712918.714285715,6501593.633333334
2014-02-20,7738889,2014,2,4,8,6935557.714285715,6477049.7
2014-02-21,7862313,2014,2,5,8,7046368.142857143,6473450.5
2014-02-22,6123882,2014,2,6,8,7022108.714285715,6423394.3
2014-02-23,185005,2014,2,7,8,7021372.571428572,6167828.566666666
2014-02-24,6036002,2014,2,1,9,6358613.428571428,6169494.166666667
2014-02-25,5697449,2014,2,2,9,5928494.0,6354070.7
2014-02-26,5960448,2014,2,3,9,5657712.571428572,6363098.466666667
2014-02-27,6006428,2014,2,4,9,5410218.142857143,6370292.666666667
2014-02-28,7874307,2014,2,5,9,5411931.571428572,6439119.933333334
2014-03-01,7088957,2014,3,6,9,5549799.428571428,6464982.9
2014-03-02,225564,2014,3,7,9,5555593.571428572,6207973.266666667
2014-03-03,10254710,2014,3,1,10,6158266.142857143,6318657.933333334
2014-03-04,9211960,2014,3,2,10,6660339.142857143,6618558.6
2014-03-05,8802968,2014,3,3,10,7066413.428571428,6520066.2
2014-03-06,8444592,2014,3,4,10,7414722.571428572,6479836.866666666
2014-03-07,8486290,2014,3,5,10,7502148.714285715,6480813.633333334
2014-03-08,6075937,2014,3,6,10,7357431.571428572,6409136.1
2014-03-09,187110,2014,3,7,10,7351938.142857143,6146195.833333333
2014-03-10,6204784,2014,3,1,11,6773377.285714285,6140098.433333334
2014-03-11,5906003,2014,3,2,11,6301097.714285715,6330624.333333333
2014-03-12,5795093,2014,3,3,11,5871401.285714285,6308747.1
2014-03-13,5898902,2014,3,4,11,5507731.285714285,6303482.4
2014-03-14,6447567,2014,3,5,11,5216485.142857143,6316853.033333333
2014-03-15,6310072,2014,3,6,11,5249933.0,6321174.9
2014-03-16,213125,2014,3,7,11,5253649.428571428,6092057.733333333
2014-03-17,10311703,2014,3,1,12,5840352.142857143,6225991.233333333
2014-03-18,8426401,2014,3,2,12,6200409.0,6500532.666666667
2014-03-19,7849900,2014,3,3,12,6493952.857142857,6406352.133333334
2014-03-20,7179418,2014,3,4,12,6676883.714285715,6355389.9
2014-03-21,7681649,2014,3,5,12,6853181.142857143,6349580.933333334
2014-03-22,6176931,2014,3,6,12,6834161.0,6297515.666666667
2014-03-23,217517,2014,3,7,12,6834788.428571428,6042689.133333334
2014-03-24,6506590,2014,3,1,13,6291200.857142857,6055446.066666666
2014-03-25,5909575,2014,3,2,13,5931654.285714285,6246265.066666666
2014-03-26,5840946,2014,3,3,13,5644660.857142857,6239763.2
2014-03-27,6024721,2014,3,4,13,5479704.142857143,6250672.266666667
2014-03-28,6822072,2014,3,5,13,5356907.428571428,6279393.066666666
2014-03-29,6248819,2014,3,6,13,5367177.142857143,6287472.766666667
2014-03-30,207045,2014,3,7,13,5365681.142857143,6031897.366666666
2014-03-31,12062933,2014,3,1,14,6159444.428571428,6197696.566666666
2014-04-01,9114237,2014,4,2,14,6617253.285714285,6493985.666666667
2014-04-02,8314447,2014,4,3,14,6970610.571428572,6429310.233333333
2014-04-03,8215262,2014,4,4,14,7283545.0,6396086.966666667
2014-04-04,8575005,2014,4,5,14,7533964.0,6388488.2
2014-04-05,6560749,2014,4,6,14,7578525.428571428,6325693.433333334
2014-04-06,223163,2014,4,7,14,7580828.0,6050255.866666666
2014-04-07,6624706,2014,4,1,15,6803938.428571428,6068548.166666667
2014-04-08,6248167,2014,4,2,15,6394499.857142857,6270583.4
2014-04-09,6410230,2014,4,3,15,6122468.857142857,6277431.6
2014-04-10,6524511,2014,4,4,15,5880933.0,6298048.533333333
2014-04-11,6910251,2014,4,5,15,5643111.0,6335220.466666667
2014-04-12,6388099,2014,4,6,15,5618446.714285715,6351527.033333333
2014-04-13,241475,2014,4,7,15,5621062.714285715,6144657.3
2014-04-14,11683139,2014,4,1,16,6343696.0,6323759.533333333
2014-04-15,10668363,2014,4,2,16,6975152.571428572,6672267.466666667
2014-04-16,10024850,2014,4,3,16,7491526.857142857,6662705.7
2014-04-17,10357418,2014,4,4,16,8039085.0,6727072.933333334
2014-04-18,222365,2014,4,5,16,7083672.714285715,6472821.766666667
2014-04-19,8428009,2014,4,6,16,7375088.428571428,6514441.466666667
2014-04-20,186799,2014,4,7,16,7367277.571428572,6264613.133333334
2014-04-21,240988,2014,4,1,17,5732684.571428572,6066748.366666666
2014-04-22,6971756,2014,4,2,17,5204597.857142857,6291889.666666667
2014-04-23,5997676,2014,4,3,17,4629287.285714285,6274925.866666666
2014-04-24,6039156,2014,4,4,17,4012392.714285714,6279245.233333333
2014-04-25,6219955,2014,4,5,17,4869191.285714285,6291878.866666666
2014-04-26,5968493,2014,4,6,17,4517831.857142857,6290004.6
2014-04-27,219630,2014,4,7,17,4522522.0,6069923.2
2014-04-28,10667908,2014,4,1,18,6012082.0,6217226.166666667
2014-04-29,9457130,2014,4,2,18,6367135.428571428,6525562.333333333
2014-04-30,10841040,2014,4,3,18,7059044.571428572,6484832.566666666
2014-05-01,238077,2014,5,4,18,6230319.0,6188960.566666666
2014-05-02,11310699,2014,5,5,18,6957568.142857143,6288835.633333334
2014-05-03,6850332,2014,5,6,18,7083545.142857143,6243337.966666667
2014-05-04,227506,2014,5,7,18,7084670.285714285,5965088.0
2014-05-05,10797063,2014,5,1,19,7103121.0,6106298.466666667
2014-05-06,9073871,2014,5,2,19,7048369.714285715,6401322.066666666
2014-05-07,8451824,2014,5,3,19,6707053.142857143,6462226.0
2014-05-08,8356504,2014,5,4,19,7866828.428571428,6532503.9
2014-05-09,8722646,2014,5,5,19,7497106.571428572,6609584.433333334
2014-05-10,6828031,2014,5,6,19,7493920.714285715,6619701.766666667
2014-05-11,242817,2014,5,7,19,7496108.0,6397453.966666667
2014-05-12,6383523,2014,5,1,20,6865602.285714285,6397301.433333334
2014-05-13,6128627,2014,5,2,20,6444853.142857143,6593539.833333333
2014-05-14,6141038,2014,5,3,20,6114740.857142857,6408803.133333334
2014-05-15,6252912,2014,5,4,20,5814227.714285715,6261621.433333334
2014-05-16,6515173,2014,5,5,20,5498874.428571428,6144632.2
2014-05-17,6052688,2014,5,6,20,5388111.142857143,6001141.2
2014-05-18,234786,2014,5,7,20,5386963.857142857,6001555.233333333
2014-05-19,10104320,2014,5,1,21,5918506.285714285,6057432.266666667
2014-05-20,8264365,2014,5,2,21,6223611.714285715,6326684.466666667
2014-05-21,7727052,2014,5,3,21,6450185.142857143,6576219.933333334
2014-05-22,7517793,2014,5,4,21,6630882.428571428,6594421.166666667
2014-05-23,8177009,2014,5,5,21,6868287.571428572,6667065.6
2014-05-24,6130815,2014,5,6,21,6879448.571428572,6670120.9
2014-05-25,224097,2014,5,7,21,6877921.571428572,6470258.966666667
2014-05-26,6489410,2014,5,1,22,6361505.857142857,6487622.866666666
2014-05-27,6286135,2014,5,2,22,6078901.571428572,6689839.7
2014-05-28,7944392,2014,5,3,22,6109950.142857143,6599055.833333333
2014-05-29,292254,2014,5,4,22,5077730.285714285,6293559.966666667
2014-05-30,9846892,2014,5,5,22,5316285.0,6260421.7
2014-05-31,6880606,2014,5,6,22,5423398.0,6481839.333333333
2014-06-01,264670,2014,6,7,22,5429194.142857143,6113638.366666666
2014-06-02,11662688,2014,6,1,23,6168233.857142857,6274050.233333333
2014-06-03,9598519,2014,6,2,23,6641431.571428572,6586417.333333333
2014-06-04,8807342,2014,6,3,23,6764710.142857143,6520093.3
2014-06-05,8812312,2014,6,4,23,7981861.285714285,6511374.666666667
2014-06-06,8857173,2014,6,5,23,7840472.857142857,6524886.3
2014-06-07,6731210,2014,6,6,23,7819130.571428572,6470709.833333333
2014-06-08,275989,2014,6,7,23,7820747.571428572,6189154.6
2014-06-09,288181,2014,6,1,24,6195818.0,5971159.6
2014-06-10,7416071,2014,6,2,24,5884039.714285715,6210268.066666666
2014-06-11,6688764,2014,6,3,24,5581385.714285715,6220442.766666667
2014-06-12,6939204,2014,6,4,24,5313798.857142857,6247462.0
2014-06-13,7068339,2014,6,5,24,5058251.142857143,6278372.033333333
2014-06-14,6574173,2014,6,6,24,5035817.285714285,6289080.733333333
2014-06-15,238273,2014,6,7,24,5030429.285714285,6079850.733333333
2014-06-16,10692037,2014,6,1,25,6516694.428571428,6234495.7
2014-06-17,9295150,2014,6,2,25,6785134.285714285,6536507.833333333
2014-06-18,9059505,2014,6,3,25,7123811.571428572,6501680.666666667
2014-06-19,3307766,2014,6,4,25,6605034.714285715,6336460.7
2014-06-20,9683407,2014,6,5,25,6978615.857142857,6401672.533333333
2014-06-21,6065789,2014,6,6,25,6905989.571428572,6353272.4
2014-06-22,230668,2014,6,7,25,6904903.142857143,6088394.366666666
2014-06-23,6604967,2014,6,1,26,6321036.0,6104199.433333334
2014-06-24,6040970,2014,6,2,26,5856153.142857143,6298095.2
2014-06-25,5977803,2014,6,3,26,5415910.0,6281041.633333334
2014-06-26,5802491,2014,6,4,26,5772299.285714285,6264920.166666667
2014-06-27,6910940,2014,6,5,26,5376232.571428572,6230471.766666667
2014-06-28,6586535,2014,6,6,26,5450624.857142857,6440281.133333334
2014-06-29,257513,2014,6,7,26,5454459.857142857,6120635.166666667
2014-06-30,13308602,2014,6,1,27,6412122.0,6334901.7
2014-07-01,8240050,2014,7,2,27,6726276.285714285,6600747.7
2014-07-02,7708595,2014,7,3,27,6973532.285714285,6468944.6
2014-07-03,7204662,2014,7,4,27,7173842.428571428,6389149.366666666
2014-07-04,6518718,2014,7,5,27,7117810.714285715,6312861.9
2014-07-05,5377184,2014,7,6,27,6945046.285714285,6198357.633333334
2014-07-06,241423,2014,7,7,27,6942747.714285715,5911165.966666667
2014-07-07,6059587,2014,7,1,28,5907174.142857143,5888778.533333333
2014-07-08,5119383,2014,7,2,28,5461364.571428572,6050225.0
2014-07-09,4959489,2014,7,3,28,5068635.142857143,6205935.266666667
2014-07-10,5729302,2014,7,4,28,4857869.428571428,6149709.633333334
2014-07-11,5791635,2014,7,5,28,4754000.428571428,6119805.333333333
2014-07-12,5329624,2014,7,6,28,4747206.142857143,6066152.666666667
2014-07-13,268130,2014,7,7,28,4751021.428571428,5839479.033333333
2014-07-14,8607714,2014,7,1,29,5115039.571428572,5907263.733333333
2014-07-15,7684994,2014,7,2,29,5481555.428571428,6155487.766666667
2014-07-16,7177840,2014,7,3,29,5798462.714285715,6038347.866666666
2014-07-17,6837176,2014,7,4,29,5956730.428571428,5956415.4
2014-07-18,6647315,2014,7,5,29,6078970.428571428,5876009.066666666
2014-07-19,4689269,2014,7,6,29,5987491.142857143,5922059.166666667
2014-07-20,248092,2014,7,7,29,5984628.571428572,5607548.666666667
2014-07-21,5690785,2014,7,1,30,5567924.428571428,5595048.533333333
2014-07-22,5274595,2014,7,2,30,5223581.714285715,5763179.433333334
2014-07-23,5068787,2014,7,3,30,4922288.428571428,5711973.433333334
2014-07-24,5179026,2014,7,4,30,4685409.857142857,5683241.966666667
2014-07-25,5493418,2014,7,5,30,4520567.428571428,5667095.8
2014-07-26,4887412,2014,7,6,30,4548873.571428572,5636593.166666667
2014-07-27,244638,2014,7,7,30,4548380.142857143,5414383.1
2014-07-28,8536879,2014,7,1,31,4954965.0,5479394.566666666
2014-07-29,7323566,2014,7,2,31,5247675.142857143,5714929.666666667
2014-07-30,7468663,2014,7,3,31,5590514.571428572,5520265.033333333
2014-07-31,8284756,2014,7,4,31,6034190.285714285,5521755.233333333
2014-08-01,7544719,2014,8,5,31,6327233.285714285,5516292.7
2014-08-02,5300445,2014,8,6,31,6386238.0,5452818.8
2014-08-03,273058,2014,8,7,31,6390298.0,5244630.133333334
2014-08-04,9062750,2014,8,1,32,6465422.428571428,5367482.333333333
2014-08-05,7530345,2014,8,2,32,6494962.285714285,5610446.4
2014-08-06,6709611,2014,8,3,32,6386526.285714285,5632113.866666666
2014-08-07,6772684,2014,8,4,32,6170516.0,5687223.9
2014-08-08,6571862,2014,8,5,32,6031536.428571428,5740969.666666667
2014-08-09,4938926,2014,8,6,32,5979890.857142857,5714623.8
2014-08-10,249646,2014,8,7,32,5976546.285714285,5529890.833333333
2014-08-11,5850906,2014,8,1,33,5517711.428571428,5547266.9
2014-08-12,5281785,2014,8,2,33,5196488.571428572,5714388.733333333
2014-08-13,5149918,2014,8,3,33,4973675.285714285,5599128.866666666
2014-08-14,5395023,2014,8,4,33,4776866.571428572,5522796.5
2014-08-15,5595129,2014,8,5,33,4637333.285714285,5470039.466666667
2014-08-16,5021534,2014,8,6,33,4649134.428571428,5409518.066666666
2014-08-17,255808,2014,8,7,33,4650014.714285715,5196467.833333333
2014-08-18,9250961,2014,8,1,34,5135736.857142857,5348524.233333333
2014-08-19,7698449,2014,8,2,34,5480974.571428572,5596869.466666667
2014-08-20,7022798,2014,8,3,34,5748528.857142857,5641269.9
2014-08-21,6616202,2014,8,4,34,5922983.0,5685990.133333334
2014-08-22,6638319,2014,8,5,34,6072010.142857143,5738307.866666666
2014-08-23,4958030,2014,8,6,34,6062938.142857143,5730941.333333333
2014-08-24,248837,2014,8,7,34,6061942.285714285,5556121.966666667
2014-08-25,5750763,2014,8,1,35,5561914.0,5584900.333333333
2014-08-26,5056366,2014,8,2,35,5184473.571428572,5745291.266666667
2014-08-27,5167298,2014,8,3,35,4919402.142857143,5632971.9
2014-08-28,5355611,2014,8,4,35,4739317.714285715,5567373.4
2014-08-29,6562758,2014,8,5,35,4728523.285714285,5537176.566666666
2014-08-30,5643050,2014,8,6,35,4826383.285714285,5449119.7
2014-08-31,274884,2014,8,7,35,4830104.285714285,5206791.866666666
2014-09-01,9737203,2014,9,1,36,5399595.714285715,5354683.8
2014-09-02,7854744,2014,9,2,36,5799364.0,5607406.666666667
2014-09-03,7170145,2014,9,3,36,6085485.0,5544319.833333333
2014-09-04,6799830,2014,9,4,36,6291802.0,5519969.333333333
2014-09-05,6908744,2014,9,5,36,6341228.571428572,5526607.1
2014-09-06,5010762,2014,9,6,36,6250901.714285715,5467876.366666666
2014-09-07,228115,2014,9,7,36,6244220.428571428,5256418.133333334
2014-09-08,5655302,2014,9,1,37,5661091.714285715,5280297.333333333
2014-09-09,5259862,2014,9,2,37,5290394.285714285,5447304.533333333
2014-09-10,5220667,2014,9,3,37,5011897.428571428,5426296.566666666
2014-09-11,5288519,2014,9,4,37,4795995.857142857,5426521.033333333
2014-09-12,5479788,2014,9,5,37,4591859.285714285,5437516.7
2014-09-13,5134569,2014,9,6,37,4609546.0,5428834.9
2014-09-14,243543,2014,9,7,37,4611750.0,5250448.7
2014-09-15,8724338,2014,9,1,38,5050183.714285715,5373875.5
2014-09-16,7191134,2014,9,2,38,5326079.714285715,5605053.033333333
2014-09-17,6513743,2014,9,3,38,5510804.857142857,5513812.433333334
2014-09-18,6397477,2014,9,4,38,5669227.428571428,5470446.7
2014-09-19,6550530,2014,9,5,38,5822190.571428572,5454704.433333334
2014-09-20,4915671,2014,9,6,38,5790919.428571428,5398020.066666666
2014-09-21,242302,2014,9,7,38,5790742.142857143,5184819.5
2014-09-22,5277645,2014,9,1,39,5298357.428571428,5195473.333333333
2014-09-23,4977122,2014,9,2,39,4982070.0,5353082.833333333
2014-09-24,4805992,2014,9,3,39,4738105.571428572,5321590.466666667
2014-09-25,4969583,2014,9,4,39,4534120.714285715,5318697.7
2014-09-26,5320736,2014,9,5,39,4358435.857142857,5323812.3
2014-09-27,4975386,2014,9,6,39,4366966.571428572,5311138.133333334
2014-09-28,220642,2014,9,7,39,4363872.285714285,5099734.266666667
2014-09-29,8548286,2014,9,1,40,4831106.714285715,5196575.466666667
2014-09-30,8893788,2014,9,2,40,5390630.428571428,5483872.266666667
2014-10-01,7702334,2014,10,3,40,5804393.571428572,5416043.3
2014-10-02,8155792,2014,10,4,40,6259566.285714285,5426078.233333333
2014-10-03,307988,2014,10,5,40,5543459.428571428,5197339.666666667
2014-10-04,6426083,2014,10,6,40,5750701.857142857,5184881.433333334
2014-10-05,225796,2014,10,7,40,5751438.142857143,4962116.5
2014-10-06,9028634,2014,10,1,41,5820059.285714285,5096045.566666666
2014-10-07,7332784,2014,10,2,41,5597058.714285715,5332867.866666666
2014-10-08,6869767,2014,10,3,41,5478120.571428572,5373350.033333333
2014-10-09,6816808,2014,10,4,41,5286837.142857143,5425248.233333333
2014-10-10,7047404,2014,10,5,41,6249610.857142857,5486139.466666667
2014-10-11,5190193,2014,10,6,41,6073055.142857143,5482861.933333334
2014-10-12,240423,2014,10,7,41,6075144.714285715,5308216.433333334
2014-10-13,5445980,2014,10,1,42,5563337.0,5318596.8
2014-10-14,5213744,2014,10,2,42,5260617.0,5484270.166666667
2014-10-15,5110401,2014,10,3,42,5009279.0,5363805.6
2014-10-16,5179446,2014,10,4,42,4775370.142857143,5296749.333333333
2014-10-17,5449686,2014,10,5,42,4547124.714285715,5261280.766666667
2014-10-18,4945733,2014,10,6,42,4512201.857142857,5212889.3
2014-10-19,204991,2014,10,7,42,4507140.142857143,5001371.333333333
2014-10-20,8078830,2014,10,1,43,4883261.571428572,5106809.966666667
2014-10-21,6677374,2014,10,2,43,5092351.571428572,5321312.366666666
2014-10-22,6129832,2014,10,3,43,5237984.571428572,5349718.6
2014-10-23,6463607,2014,10,4,43,5421436.142857143,5399268.1
2014-10-24,6523289,2014,10,5,43,5574808.0,5456511.333333333
2014-10-25,4894704,2014,10,6,43,5567518.142857143,5454015.366666666
2014-10-26,219359,2014,10,7,43,5569570.714285715,5283969.466666667
2014-10-27,5508341,2014,10,1,44,5202358.0,5301734.633333334
2014-10-28,5163755,2014,10,2,44,4986126.714285715,5466505.066666666
2014-10-29,5285015,2014,10,3,44,4865438.571428572,5357729.366666666
2014-10-30,6271893,2014,10,4,44,4838050.857142857,5270332.866666666
2014-10-31,6106412,2014,10,5,44,4778497.0,5217135.466666667
2014-11-01,3522395,2014,11,6,44,4582452.857142857,5062688.9
2014-11-02,213741,2014,11,7,44,4581650.285714285,5059547.333333333
2014-11-03,9953793,2014,11,1,45,5216714.857142857,5177137.666666667
2014-11-04,8181287,2014,11,2,45,5647790.857142857,5442320.7
2014-11-05,7493001,2014,11,3,45,5963217.428571428,5391132.933333334
2014-11-06,7184058,2014,11,4,45,6093526.714285715,5386175.4
2014-11-07,7298281,2014,11,5,45,6263793.714285715,5400459.2
2014-11-08,5629423,2014,11,6,45,6564797.714285715,5360879.7
2014-11-09,177774,2014,11,7,45,6559659.571428572,5131892.033333333
2014-11-10,8095306,2014,11,1,46,6294161.428571428,5228729.133333334
2014-11-11,7083145,2014,11,2,46,6137284.0,5456819.866666666
2014-11-12,6686356,2014,11,3,46,6022049.0,5498165.733333333
2014-11-13,6750180,2014,11,4,46,5960066.428571428,5549380.266666667
2014-11-14,7064885,2014,11,5,46,5926724.142857143,5614529.733333333
2014-11-15,5576429,2014,11,6,46,5919153.571428572,5627762.5
2014-11-16,203453,2014,11,7,46,5922822.0,5452888.066666666
2014-11-17,5849735,2014,11,1,47,5602026.142857143,5483021.466666667
2014-11-18,5367537,2014,11,2,47,5356939.285714285,5655106.333333333
2014-11-19,4888765,2014,11,3,47,5100140.571428572,5548770.833333333
2014-11-20,5575878,2014,11,4,47,4932383.142857143,5512054.3
2014-11-21,5816514,2014,11,5,47,4754044.428571428,5501610.366666666
2014-11-22,5522528,2014,11,6,47,4746344.285714285,5470241.066666666
2014-11-23,198298,2014,11,7,47,4745607.857142857,5259408.033333333
2014-11-24,9020315,2014,11,1,48,5198547.857142857,5396928.4
2014-11-25,7868758,2014,11,2,48,5555865.142857143,5651908.366666666
2014-11-26,7518283,2014,11,3,48,5931510.571428572,5718906.433333334
2014-11-27,7867510,2014,11,4,48,6258886.571428572,5809031.6
2014-11-28,9172722,2014,11,5,48,6738344.857142857,5938621.833333333
2014-11-29,7305547,2014,11,6,48,6993061.857142857,5973076.966666667
2014-11-30,242056,2014,11,7,48,6999313.0,5777598.433333334
2014-12-01,10276971,2014,12,1,49,7178835.285714285,6002750.966666667
2014-12-02,8843822,2014,12,2,49,7318130.142857143,6290420.333333333
2014-12-03,8258019,2014,12,3,49,7423806.714285715,6233894.533333333
2014-12-04,8554042,2014,12,4,49,7521882.714285715,6246319.7
2014-12-05,9801856,2014,12,5,49,7611759.0,6323281.533333333
2014-12-06,6479401,2014,12,6,49,7493738.142857143,6299792.966666667
2014-12-07,196469,2014,12,7,49,7487225.714285715,6063065.9
2014-12-08,6560015,2014,12,1,50,6956232.0,6094085.633333334
2014-12-09,6329729,2014,12,2,50,6597075.857142857,6299150.8
2014-12-10,5909802,2014,12,3,50,6261616.285714285,6226300.666666667
2014-12-11,6156944,2014,12,4,50,5919173.714285715,6195427.3
2014-12-12,6501211,2014,12,5,50,5447653.0,6189255.8
2014-12-13,6779226,2014,12,6,50,5490485.142857143,6190224.0
2014-12-14,218670,2014,12,7,50,5493656.714285715,5962016.833333333
2014-12-15,12133381,2014,12,1,51,6289851.857142857,6180581.9
2014-12-16,10621060,2014,12,2,51,6902899.142857143,6527835.466666667
2014-12-17,9483386,2014,12,3,51,7413411.142857143,6648957.166666667
2014-12-18,9808212,2014,12,4,51,7935020.857142857,6796979.666666667
2014-12-19,9518489,2014,12,5,51,8366060.571428572,6951303.8
2014-12-20,7956411,2014,12,6,51,8534229.857142856,7030654.9
2014-12-21,259248,2014,12,7,51,8540026.714285715,6845412.7
2014-12-22,11007641,2014,12,1,52,8379206.714285715,7028249.8
2014-12-23,10712124,2014,12,2,52,8392215.857142856,7378710.666666667
2014-12-24,4612716,2014,12,3,52,7696405.857142857,7231790.7
2014-12-25,155386,2014,12,4,52,6317430.714285715,6974678.3
2014-12-26,205238,2014,12,5,52,4986966.285714285,6730910.133333334
2014-12-27,5710292,2014,12,6,52,4666092.142857143,6659002.866666666
2014-12-28,218071,2014,12,7,52,4660209.714285715,6360514.5
2014-12-29,7291426,2014,12,1,1,4129321.8571428573,6360043.8
2014-12-30,7665743,2014,12,2,1,3694124.5714285714,6607500.033333333
2014-12-31,3895591,2014,12,3,1,3591678.1428571427,6394787.366666666
2015-01-01,130162,2015,1,4,1,3588074.714285714,6104332.033333333
2015-01-02,7561431,2015,1,5,1,4638959.428571428,6081112.433333334
2015-01-03,6150311,2015,1,6,1,4701819.285714285,6000988.066666666
2015-01-04,197193,2015,1,7,1,4698836.714285715,5680832.633333334
2015-01-05,11303805,2015,1,1,2,5272033.714285715,5841646.1
2015-01-06,6791481,2015,1,2,2,5147139.142857143,6061479.833333333
2015-01-07,8621857,2015,1,3,2,5822320.0,6130207.9
2015-01-08,7646645,2015,1,4,2,6896103.285714285,6174105.1
2015-01-09,7945387,2015,1,5,2,6950954.142857143,6241957.933333334
2015-01-10,6277742,2015,1,6,2,6969158.571428572,6245984.533333333
2015-01-11,183367,2015,1,7,2,6967183.428571428,6035389.733333333
2015-01-12,9840664,2015,1,1,3,6758163.285714285,6137437.666666667
2015-01-13,8538569,2015,1,2,3,7007747.285714285,6414767.633333334
2015-01-14,7881690,2015,1,3,3,6902009.142857143,6273044.6
2015-01-15,7774935,2015,1,4,3,6920336.285714285,6178173.766666667
2015-01-16,8456148,2015,1,5,3,6993302.142857143,6143932.5
2015-01-17,6525692,2015,1,6,3,7028723.571428572,6034515.166666667
2015-01-18,195778,2015,1,7,3,7030496.571428572,5723758.133333334
2015-01-19,6386391,2015,1,1,4,6537029.0,5671424.133333334
2015-01-20,5744162,2015,1,2,4,6137828.0,5854254.6
2015-01-21,5882045,2015,1,3,4,5852164.428571428,5683401.4
2015-01-22,5933913,2015,1,4,4,5589161.285714285,5524127.7
2015-01-23,6326166,2015,1,5,4,5284878.142857143,5581242.7
2015-01-24,5811369,2015,1,6,4,5182832.0,5769775.466666667
2015-01-25,179028,2015,1,7,4,5180439.142857143,5768901.8
2015-01-26,9401803,2015,1,1,5,5611212.285714285,5891952.166666667
2015-01-27,8392342,2015,1,2,5,5989523.714285715,6164427.866666666
2015-01-28,7930037,2015,1,3,5,6282094.0,6185714.9
2015-01-29,8024066,2015,1,4,5,6580687.285714285,6197659.0
2015-01-30,9454954,2015,1,5,5,7027657.0,6382971.1
2015-01-31,7354597,2015,1,6,5,7248118.142857143,6623785.6
2015-02-01,225556,2015,2,7,5,7254765.0,6379256.433333334
2015-02-02,10291172,2015,2,1,6,7381817.714285715,6517285.133333334
2015-02-03,8904680,2015,2,2,6,7455008.857142857,6807534.7
2015-02-04,8136074,2015,2,3,6,7484442.714285715,6701943.666666667
2015-02-05,7973916,2015,2,4,6,7477278.428571428,6741358.166666667
2015-02-06,8439787,2015,2,5,6,7332254.571428572,6735289.166666667
2015-02-07,6594669,2015,2,6,6,7223693.428571428,6700223.3
2015-02-08,208209,2015,2,7,6,7221215.285714285,6442317.366666666
2015-02-09,6477197,2015,2,1,7,6676361.714285715,6448965.866666666
2015-02-10,6345089,2015,2,2,7,6310705.857142857,6654356.6
2015-02-11,6393495,2015,2,3,7,6061766.0,6539450.966666667
2015-02-12,6151076,2015,2,4,7,5801360.285714285,6459867.866666666
2015-02-13,7212357,2015,2,5,7,5626013.142857143,6437556.766666667
2015-02-14,6701361,2015,2,6,7,5641254.857142857,6401770.966666667
2015-02-15,217257,2015,2,7,7,5642547.428571428,6127141.266666667
2015-02-16,9321996,2015,2,1,8,6048947.285714285,6220351.4
2015-02-17,8299474,2015,2,2,8,6328145.142857143,6490474.6
2015-02-18,8058390,2015,2,3,8,6565987.285714285,6546207.9
2015-02-19,8031173,2015,2,4,8,6834572.571428572,6622441.6
2015-02-20,8094451,2015,2,5,8,6960586.0,6696188.466666667
2015-02-21,6290922,2015,2,6,8,6901951.857142857,6708088.766666667
2015-02-22,199419,2015,2,7,8,6899403.571428572,6503863.866666666
2015-02-23,5984980,2015,2,1,9,6422687.0,6509650.9
2015-02-24,6021986,2015,2,2,9,6097331.571428572,6704416.166666667
2015-02-25,6028364,2015,2,3,9,5807327.857142857,6591968.2
2015-02-26,6471718,2015,2,4,9,5584548.571428572,6527947.4
2015-02-27,7778945,2015,2,5,9,5539476.285714285,6522911.0
2015-02-28,7421745,2015,2,6,9,5701022.428571428,6502833.633333334
2015-03-01,228942,2015,3,7,9,5705240.0,6195299.9
2015-03-02,10933146,2015,3,1,10,6412120.857142857,6314584.866666666
2015-03-03,9234921,2015,3,2,10,6871111.571428572,6614897.033333333
2015-03-04,8421680,2015,3,3,10,7213013.857142857,6552580.633333334
2015-03-05,8263354,2015,3,4,10,7468961.857142857,6531203.1
2015-03-06,8504508,2015,3,5,10,7572613.714285715,6543484.233333333
2015-03-07,6565020,2015,3,6,10,7450224.428571428,6496521.033333333
2015-03-08,201341,2015,3,7,10,7446281.428571428,6221906.166666667
2015-03-09,6765029,2015,3,1,11,6850836.142857143,6227584.833333333
2015-03-10,6211021,2015,3,2,11,6418850.428571428,6427678.566666666
2015-03-11,6272025,2015,3,3,11,6111756.857142857,6420839.5
2015-03-12,6376255,2015,3,4,11,5842171.285714285,6421878.366666666
2015-03-13,6942094,2015,3,5,11,5618969.285714285,6440165.0
2015-03-14,6625997,2015,3,6,11,5627680.285714285,6455995.7
2015-03-15,244505,2015,3,7,11,5633846.571428572,6223733.966666667
2015-03-16,10877344,2015,3,1,12,6221320.142857143,6362933.4
2015-03-17,8792886,2015,3,2,12,6590158.0,6648787.7
2015-03-18,7993269,2015,3,3,12,6836050.0,6604496.8
2015-03-19,8073881,2015,3,4,12,7078568.0,6596977.033333333
2015-03-20,8291098,2015,3,5,12,7271282.857142857,6604733.966666667
2015-03-21,6398094,2015,3,6,12,7238725.285714285,6550298.0
2015-03-22,235852,2015,3,7,12,7237489.142857143,6288344.7
2015-03-23,6788834,2015,3,1,13,6653416.285714285,6304941.766666667
2015-03-24,6226359,2015,3,2,13,6286769.571428572,6505839.766666667
2015-03-25,6073784,2015,3,3,13,6012557.428571428,6508799.9
2015-03-26,6362734,2015,3,4,13,5768107.857142857,6520158.166666667
2015-03-27,7078009,2015,3,5,13,5594809.428571428,6555146.333333333
2015-03-28,6829093,2015,3,6,13,5656380.714285715,6567058.833333333
2015-03-29,226242,2015,3,7,13,5655007.857142857,6315302.066666666
2015-03-30,12371453,2015,3,1,14,6452524.857142857,6480292.333333333
2015-03-31,11222913,2015,3,2,14,7166318.285714285,6846758.033333333
2015-04-01,11102030,2015,4,3,14,7884639.142857143,6852387.5
2015-04-02,11400447,2015,4,4,14,8604312.42857143,6924571.7
2015-04-03,242473,2015,4,5,14,7627807.285714285,6651931.466666667
2015-04-04,9366558,2015,4,6,14,7990302.285714285,6688704.933333334
2015-04-05,217211,2015,4,7,14,7989012.142857143,6412461.7
2015-04-06,272921,2015,4,1,15,6260650.428571428,6202725.066666666
2015-04-07,7896155,2015,4,2,15,5785399.285714285,6459218.866666666
2015-04-08,6790649,2015,4,3,15,5169487.714285715,6460072.866666666
2015-04-09,6560475,2015,4,4,15,4478063.142857143,6471721.333333333
2015-04-10,6669239,2015,4,5,15,5396172.571428572,6484961.8
2015-04-11,6445499,2015,4,6,15,4978878.428571428,6487269.933333334
2015-04-12,244956,2015,4,7,15,4982842.0,6264032.0
2015-04-13,11075002,2015,4,1,16,6525996.428571428,6412332.166666667
2015-04-14,9166055,2015,4,2,16,6707410.714285715,6709717.166666667
2015-04-15,8002511,2015,4,3,16,6880533.857142857,6613889.4
2015-04-16,8396675,2015,4,4,16,7142848.142857143,6600682.366666666
2015-04-17,8738327,2015,4,5,16,7438432.142857143,6625517.633333334
2015-04-18,6569186,2015,4,6,16,7456101.714285715,6575361.133333334
2015-04-19,237342,2015,4,7,16,7455014.0,6306902.6
2015-04-20,6588863,2015,4,1,17,6814137.0,6313261.566666666
2015-04-21,6039464,2015,4,2,17,6367481.142857143,6506715.3
2015-04-22,6082195,2015,4,3,17,6093150.285714285,6483160.666666667
2015-04-23,6153519,2015,4,4,17,5772699.428571428,6480732.666666667
2015-04-24,6367560,2015,4,5,17,5434018.428571428,6490525.2
2015-04-25,6305451,2015,4,6,17,5396342.0,6488615.766666667
2015-04-26,234093,2015,4,7,17,5395877.857142857,6260485.233333333
2015-04-27,10605500,2015,4,1,18,5969683.142857143,6386365.466666667
2015-04-28,9302980,2015,4,2,18,6435899.714285715,6688923.4
2015-04-29,9517703,2015,4,3,18,6926686.571428572,6593798.4
2015-04-30,11327847,2015,4,4,18,7665876.285714285,6597296.2
2015-05-01,264231,2015,5,5,18,6793972.142857143,6236036.233333333
2015-05-02,8764984,2015,5,6,18,7145334.0,6148187.466666667
2015-05-03,249207,2015,5,7,18,7147493.142857143,6148411.933333334
2015-05-04,10995906,2015,5,1,19,7203265.428571428,6202723.533333333
2015-05-05,8778928,2015,5,2,19,7128400.857142857,6488114.1
2015-05-06,8633577,2015,5,3,19,7002097.142857143,6766802.633333334
2015-05-07,8550616,2015,5,4,19,6605349.857142857,6788618.0
2015-05-08,8665512,2015,5,5,19,7805532.857142857,6851113.433333334
2015-05-09,7157061,2015,5,6,19,7575829.571428572,6870999.633333334
2015-05-10,251720,2015,5,7,19,7576188.571428572,6657082.333333333
2015-05-11,6732629,2015,5,1,20,6967149.0,6666653.333333333
2015-05-12,6686277,2015,5,2,20,6668198.857142857,6881364.033333333
2015-05-13,8147927,2015,5,3,20,6598820.285714285,6783794.866666666
2015-05-14,289247,2015,5,4,20,5418624.714285715,6487901.266666667
2015-05-15,8596524,2015,5,5,20,5408769.285714285,6507701.7
2015-05-16,6497847,2015,5,6,20,5314595.857142857,6444407.433333334
2015-05-17,255680,2015,5,7,20,5315161.571428572,6161652.533333333
2015-05-18,10603240,2015,5,1,21,5868106.0,6296121.0
2015-05-19,8925994,2015,5,2,21,6188065.571428572,6585742.733333333
2015-05-20,8355497,2015,5,3,21,6217718.428571428,6644630.533333333
2015-05-21,8228411,2015,5,4,21,7351884.714285715,6717595.433333334
2015-05-22,8352281,2015,5,5,21,7316992.857142857,6793264.966666667
2015-05-23,6773815,2015,5,6,21,7356416.857142857,6813941.5
2015-05-24,261385,2015,5,7,21,7357231.857142857,6610402.333333333
2015-05-25,299473,2015,5,1,22,5885265.142857143,6410203.066666666
2015-05-26,7776413,2015,5,2,22,5721039.285714285,6661613.733333333
2015-05-27,6876443,2015,5,3,22,5509745.857142857,6537311.833333333
2015-05-28,6974793,2015,5,4,22,5330657.571428572,6459705.6
2015-05-29,8372820,2015,5,5,22,5333591.714285715,6421542.833333333
2015-05-30,7546769,2015,5,6,22,5444013.714285715,6295506.9
2015-05-31,278690,2015,5,7,22,5446485.857142857,6295988.866666666
2015-06-01,11743615,2015,6,1,23,7081363.285714285,6395276.566666666
2015-06-02,9925193,2015,6,2,23,7388331.857142857,6717809.433333334
2015-06-03,9731791,2015,6,3,23,7796238.714285715,6675672.266666667
2015-06-04,3534231,2015,6,4,23,7304729.857142857,6500849.033333333
2015-06-05,9724893,2015,6,5,23,7497883.142857143,6537226.233333333
2015-06-06,6478518,2015,6,6,23,7345275.857142857,6468156.3
2015-06-07,262497,2015,6,7,23,7342962.571428572,6188055.8
2015-06-08,7366781,2015,6,1,24,6717700.571428572,6195046.466666667
2015-06-09,6865990,2015,6,2,24,6280671.571428572,6415522.133333334
2015-06-10,6524741,2015,6,3,24,5822521.571428572,6408592.533333333
2015-06-11,6553081,2015,6,4,24,6253785.857142857,6404152.666666667
2015-06-12,6606431,2015,6,5,24,5808291.285714285,6352769.466666667
2015-06-13,6510261,2015,6,6,24,5812826.0,6560136.6
2015-06-14,269533,2015,6,7,24,5813831.142857143,6282570.233333333
2015-06-15,11570100,2015,6,1,25,6414305.285714285,6451645.333333333
2015-06-16,9636747,2015,6,2,25,6810127.714285715,6764347.566666666
2015-06-17,8618478,2015,6,3,25,7109233.0,6698188.833333333
2015-06-18,8191358,2015,6,4,25,7343272.571428572,6673700.966666667
2015-06-19,8458252,2015,6,5,25,7607818.428571428,6677126.133333334
2015-06-20,6390661,2015,6,6,25,7590732.714285715,6615867.8
2015-06-21,249849,2015,6,7,25,7587920.714285715,6345786.733333333
2015-06-22,6552538,2015,6,1,26,6871126.142857143,6338410.833333333
2015-06-23,6292372,2015,6,2,26,6393358.285714285,6539443.733333333
2015-06-24,6257424,2015,6,3,26,6056064.857142857,6738042.1
2015-06-25,6211764,2015,6,4,26,5773265.714285715,6685887.133333334
2015-06-26,6634687,2015,6,5,26,5512756.428571428,6677828.6
2015-06-27,6538314,2015,6,6,26,5533849.714285715,6663279.3
2015-06-28,262669,2015,6,7,26,5535681.142857143,6392940.933333334
2015-06-29,11916672,2015,6,1,27,6301986.0,6538604.366666666
2015-06-30,11483932,2015,6,2,27,7043637.428571428,6912112.433333334
2015-07-01,8989672,2015,7,3,27,7433958.571428572,6820314.333333333
2015-07-02,8446293,2015,7,4,27,7753177.0,6771017.666666667
2015-07-03,8530388,2015,7,5,27,8023991.428571428,6730970.9
2015-07-04,6054276,2015,7,6,27,7954843.142857143,6814972.4
2015-07-05,269248,2015,7,7,27,7955783.0,6499784.233333333
2015-07-06,7540473,2015,7,1,28,7330611.714285715,6535182.733333333
2015-07-07,6393024,2015,7,2,28,6603339.142857143,6739533.633333334
2015-07-08,6915625,2015,7,3,28,6307046.714285715,6724495.1
2015-07-09,6938182,2015,7,4,28,6091602.285714285,6726901.5
2015-07-10,7064909,2015,7,5,28,5882248.142857143,6744907.1
2015-07-11,6262022,2015,7,6,28,5911926.142857143,6735205.133333334
2015-07-12,277047,2015,7,7,28,5913040.285714285,6524225.666666667
2015-07-13,10841267,2015,7,1,29,6384582.285714285,6668592.533333333
2015-07-14,9340405,2015,7,2,29,6805636.714285715,6970954.933333334
2015-07-15,8756137,2015,7,3,29,7068567.0,6877156.166666667
2015-07-16,8373873,2015,7,4,29,7273665.714285715,6835060.366666666
2015-07-17,7949337,2015,7,5,29,7400012.571428572,6812755.666666667
2015-07-18,6448982,2015,7,6,29,7426721.142857143,6754676.466666667
2015-07-19,298418,2015,7,7,29,7429774.142857143,6482682.0
2015-07-20,7339321,2015,7,1,30,6929496.142857143,6514304.0
2015-07-21,6356482,2015,7,2,30,6503221.428571428,6717858.433333334
2015-07-22,6110388,2015,7,3,30,6125257.285714285,6703120.1
2015-07-23,6687068,2015,7,4,30,5884285.142857143,6716276.633333334
2015-07-24,6601325,2015,7,5,30,5691712.0,6727740.0
2015-07-25,6021666,2015,7,6,30,5630666.857142857,6721403.4
2015-07-26,285865,2015,7,7,30,5628873.571428572,6509776.0
2015-07-27,10707292,2015,7,1,31,6110012.285714285,6648741.933333334
2015-07-28,9115073,2015,7,2,31,6504096.714285715,6943822.066666666
2015-07-29,8499962,2015,7,3,31,6845464.428571428,6829931.733333333
2015-07-30,8798854,2015,7,4,31,7147148.142857143,6740429.133333334
2015-07-31,10109742,2015,7,5,31,7648350.571428572,6777764.8
